crop_name,crop_path,yolo_class,vlm_class,vlm_confidence,vlm_status,mapping_result,cardboard_prob,glass_prob,metal_prob,paper_prob,plastic_prob,trash_prob
1789392456401_285425636973233444_5944122805105729455_77eed46beee5042954a669e13cf558de_det_001_metal.jpg,D:\DACN\week4\crops\1789392456401_285425636973233444_5944122805105729455_77eed46beee5042954a669e13cf558de_det_001_metal.jpg,metal,cardboard,0.169,UNCERTAIN,MISMATCH,0.169,0.1641,0.1651,0.166,0.1676,0.1682
1789392456431_285425636973233444_5944122805105729455_1f2e177a6f32f20c1ca2a55579c3d7fa_det_001_trash.jpg,D:\DACN\week4\crops\1789392456431_285425636973233444_5944122805105729455_1f2e177a6f32f20c1ca2a55579c3d7fa_det_001_trash.jpg,trash,cardboard,0.1695,UNCERTAIN,MISMATCH,0.1695,0.1634,0.1681,0.1657,0.1657,0.1676
1789392456462_285425636973233444_5944122805105729455_8c8485b2f9e0c0e169894550f94bceb1_det_001_trash.jpg,D:\DACN\week4\crops\1789392456462_285425636973233444_5944122805105729455_8c8485b2f9e0c0e169894550f94bceb1_det_001_trash.jpg,trash,paper,0.172,UNCERTAIN,MISMATCH,0.1697,0.1635,0.1645,0.172,0.1653,0.1649
1789392456462_285425636973233444_5944122805105729455_8c8485b2f9e0c0e169894550f94bceb1_det_002_trash.jpg,D:\DACN\week4\crops\1789392456462_285425636973233444_5944122805105729455_8c8485b2f9e0c0e169894550f94bceb1_det_002_trash.jpg,trash,plastic,0.1683,UNCERTAIN,MISMATCH,0.1646,0.166,0.1673,0.1676,0.1683,0.1663
1789392456485_285425636973233444_5944122805105729455_bc8854de21bfc249237bc38dcad6bf8f_det_001_trash.jpg,D:\DACN\week4\crops\1789392456485_285425636973233444_5944122805105729455_bc8854de21bfc249237bc38dcad6bf8f_det_001_trash.jpg,trash,cardboard,0.1697,UNCERTAIN,MISMATCH,0.1697,0.1631,0.1625,0.169,0.1673,0.1683
1789392456509_285425636973233444_5944122805105729455_ae6f6f8cd8e1cc9ef7d656ecfe4c7fed_det_001_trash.jpg,D:\DACN\week4\crops\1789392456509_285425636973233444_5944122805105729455_ae6f6f8cd8e1cc9ef7d656ecfe4c7fed_det_001_trash.jpg,trash,paper,0.1692,UNCERTAIN,MISMATCH,0.1655,0.1664,0.1659,0.1692,0.1675,0.1656
1789392456532_285425636973233444_5944122805105729455_016caaf3a65e60cccf669fef9299cd14_det_001_trash.jpg,D:\DACN\week4\crops\1789392456532_285425636973233444_5944122805105729455_016caaf3a65e60cccf669fef9299cd14_det_001_trash.jpg,trash,paper,0.1712,UNCERTAIN,MISMATCH,0.1663,0.1644,0.1636,0.1712,0.1682,0.1664
1789392456532_285425636973233444_5944122805105729455_016caaf3a65e60cccf669fef9299cd14_det_002_trash.jpg,D:\DACN\week4\crops\1789392456532_285425636973233444_5944122805105729455_016caaf3a65e60cccf669fef9299cd14_det_002_trash.jpg,trash,paper,0.171,UNCERTAIN,MISMATCH,0.1656,0.165,0.1627,0.171,0.1676,0.1681
1789392456558_285425636973233444_5944122805105729455_326cc50f4dac2c9fe009c50c4a696c49_det_001_trash.jpg,D:\DACN\week4\crops\1789392456558_285425636973233444_5944122805105729455_326cc50f4dac2c9fe009c50c4a696c49_det_001_trash.jpg,trash,paper,0.1692,UNCERTAIN,MISMATCH,0.1642,0.1665,0.1638,0.1692,0.1676,0.1687
1789392456580_285425636973233444_5944122805105729455_bbba01931b1a07a0e1d407963c65f350_det_001_trash.jpg,D:\DACN\week4\crops\1789392456580_285425636973233444_5944122805105729455_bbba01931b1a07a0e1d407963c65f350_det_001_trash.jpg,trash,paper,0.1711,UNCERTAIN,MISMATCH,0.1657,0.1661,0.1701,0.1711,0.1644,0.1625
1789392456602_285425636973233444_5944122805105729455_5c25c6da98053c985b04f7b4694db4a4_det_001_trash.jpg,D:\DACN\week4\crops\1789392456602_285425636973233444_5944122805105729455_5c25c6da98053c985b04f7b4694db4a4_det_001_trash.jpg,trash,paper,0.1682,UNCERTAIN,MISMATCH,0.1672,0.166,0.1659,0.1682,0.1663,0.1665
1789392456602_285425636973233444_5944122805105729455_5c25c6da98053c985b04f7b4694db4a4_det_002_trash.jpg,D:\DACN\week4\crops\1789392456602_285425636973233444_5944122805105729455_5c25c6da98053c985b04f7b4694db4a4_det_002_trash.jpg,trash,paper,0.1679,UNCERTAIN,MISMATCH,0.1633,0.1676,0.1663,0.1679,0.1679,0.1669
1789392456651_285425636973233444_5944122805105729455_cf1bb468fe80b16b196dbd4fe36f76b9_det_001_trash.jpg,D:\DACN\week4\crops\1789392456651_285425636973233444_5944122805105729455_cf1bb468fe80b16b196dbd4fe36f76b9_det_001_trash.jpg,trash,plastic,0.1689,UNCERTAIN,MISMATCH,0.1641,0.1662,0.1651,0.1683,0.1689,0.1673
1789392492874_285425636973233444_5944122805105729455_c3dba5489d526bb8fe562d37a6bb7196_det_001_trash.jpg,D:\DACN\week4\crops\1789392492874_285425636973233444_5944122805105729455_c3dba5489d526bb8fe562d37a6bb7196_det_001_trash.jpg,trash,trash,0.169,UNCERTAIN,MATCH,0.1657,0.1632,0.1676,0.1682,0.1664,0.169
1789392492874_285425636973233444_5944122805105729455_c3dba5489d526bb8fe562d37a6bb7196_det_002_trash.jpg,D:\DACN\week4\crops\1789392492874_285425636973233444_5944122805105729455_c3dba5489d526bb8fe562d37a6bb7196_det_002_trash.jpg,trash,metal,0.17,UNCERTAIN,MISMATCH,0.1636,0.1669,0.17,0.167,0.1661,0.1664
1789392492897_285425636973233444_5944122805105729455_c2c0e89f8303c51a186c863a290c047a_det_001_trash.jpg,D:\DACN\week4\crops\1789392492897_285425636973233444_5944122805105729455_c2c0e89f8303c51a186c863a290c047a_det_001_trash.jpg,trash,plastic,0.1689,UNCERTAIN,MISMATCH,0.1653,0.1655,0.166,0.1675,0.1689,0.1668
1789392492922_285425636973233444_5944122805105729455_310bf1bf99cd8f6478929a7a8f237fa8_det_001_trash.jpg,D:\DACN\week4\crops\1789392492922_285425636973233444_5944122805105729455_310bf1bf99cd8f6478929a7a8f237fa8_det_001_trash.jpg,trash,glass,0.1713,UNCERTAIN,MISMATCH,0.1644,0.1713,0.1649,0.1648,0.1707,0.1639
1789392492945_285425636973233444_5944122805105729455_7f67b588032d1497be043ff6b3b2e993_det_001_trash.jpg,D:\DACN\week4\crops\1789392492945_285425636973233444_5944122805105729455_7f67b588032d1497be043ff6b3b2e993_det_001_trash.jpg,trash,metal,0.1678,UNCERTAIN,MISMATCH,0.1675,0.1654,0.1678,0.1651,0.1674,0.1666
1789392492967_285425636973233444_5944122805105729455_2f4ed85584bf2846114dbd5c59144242_det_001_trash.jpg,D:\DACN\week4\crops\1789392492967_285425636973233444_5944122805105729455_2f4ed85584bf2846114dbd5c59144242_det_001_trash.jpg,trash,plastic,0.1685,UNCERTAIN,MISMATCH,0.1651,0.1658,0.1676,0.1655,0.1685,0.1675
1789392492989_285425636973233444_5944122805105729455_84ebd5fe47e1285fe188fc1522dcdaba_det_001_trash.jpg,D:\DACN\week4\crops\1789392492989_285425636973233444_5944122805105729455_84ebd5fe47e1285fe188fc1522dcdaba_det_001_trash.jpg,trash,trash,0.1703,UNCERTAIN,MATCH,0.1634,0.1645,0.1664,0.1669,0.1686,0.1703
1789392493014_285425636973233444_5944122805105729455_e38d77ca98121376ccad82eb2bb53b95_det_001_trash.jpg,D:\DACN\week4\crops\1789392493014_285425636973233444_5944122805105729455_e38d77ca98121376ccad82eb2bb53b95_det_001_trash.jpg,trash,plastic,0.1715,UNCERTAIN,MISMATCH,0.1603,0.1679,0.1669,0.1666,0.1715,0.1668
1789392493014_285425636973233444_5944122805105729455_e38d77ca98121376ccad82eb2bb53b95_det_002_trash.jpg,D:\DACN\week4\crops\1789392493014_285425636973233444_5944122805105729455_e38d77ca98121376ccad82eb2bb53b95_det_002_trash.jpg,trash,paper,0.1714,UNCERTAIN,MISMATCH,0.1673,0.1628,0.1642,0.1714,0.1671,0.1671
1789392493037_285425636973233444_5944122805105729455_6394096982a892eb043bbc8e6c1d5f6a_det_001_trash.jpg,D:\DACN\week4\crops\1789392493037_285425636973233444_5944122805105729455_6394096982a892eb043bbc8e6c1d5f6a_det_001_trash.jpg,trash,paper,0.1703,UNCERTAIN,MISMATCH,0.1692,0.1621,0.1623,0.1703,0.1676,0.1685
1789392493037_285425636973233444_5944122805105729455_6394096982a892eb043bbc8e6c1d5f6a_det_002_trash.jpg,D:\DACN\week4\crops\1789392493037_285425636973233444_5944122805105729455_6394096982a892eb043bbc8e6c1d5f6a_det_002_trash.jpg,trash,trash,0.1673,UNCERTAIN,MATCH,0.1671,0.1664,0.1673,0.1662,0.1656,0.1673
1789392493062_285425636973233444_5944122805105729455_a57ef3ed4328db91634f883b303631b7_det_001_trash.jpg,D:\DACN\week4\crops\1789392493062_285425636973233444_5944122805105729455_a57ef3ed4328db91634f883b303631b7_det_001_trash.jpg,trash,plastic,0.1691,UNCERTAIN,MISMATCH,0.1634,0.1656,0.1661,0.1685,0.1691,0.1673
1789392493062_285425636973233444_5944122805105729455_a57ef3ed4328db91634f883b303631b7_det_002_trash.jpg,D:\DACN\week4\crops\1789392493062_285425636973233444_5944122805105729455_a57ef3ed4328db91634f883b303631b7_det_002_trash.jpg,trash,paper,0.1697,UNCERTAIN,MISMATCH,0.1662,0.1645,0.1664,0.1697,0.1667,0.1664
1789392493089_285425636973233444_5944122805105729455_6c3971b657b926968a0aa66e448fac04_det_001_trash.jpg,D:\DACN\week4\crops\1789392493089_285425636973233444_5944122805105729455_6c3971b657b926968a0aa66e448fac04_det_001_trash.jpg,trash,trash,0.1695,UNCERTAIN,MATCH,0.1652,0.1645,0.1648,0.1673,0.1686,0.1695
1789392493113_285425636973233444_5944122805105729455_bad4d34f012cf89b6e886052ce937679_det_001_trash.jpg,D:\DACN\week4\crops\1789392493113_285425636973233444_5944122805105729455_bad4d34f012cf89b6e886052ce937679_det_001_trash.jpg,trash,paper,0.169,UNCERTAIN,MISMATCH,0.1671,0.1637,0.1638,0.169,0.168,0.1685
1789392493136_285425636973233444_5944122805105729455_82ebb8393779fb71a478efbf2f0a07c7_det_001_trash.jpg,D:\DACN\week4\crops\1789392493136_285425636973233444_5944122805105729455_82ebb8393779fb71a478efbf2f0a07c7_det_001_trash.jpg,trash,plastic,0.1695,UNCERTAIN,MISMATCH,0.1656,0.1648,0.1651,0.1694,0.1695,0.1655
1789392493164_285425636973233444_5944122805105729455_7fc3940c49c3d68b87626c529f21c991_det_001_trash.jpg,D:\DACN\week4\crops\1789392493164_285425636973233444_5944122805105729455_7fc3940c49c3d68b87626c529f21c991_det_001_trash.jpg,trash,plastic,0.1678,UNCERTAIN,MISMATCH,0.1661,0.1667,0.1661,0.1666,0.1678,0.1667
1789392493186_285425636973233444_5944122805105729455_4e64b7993dd97cdd2d6942474ba48fe5_det_001_trash.jpg,D:\DACN\week4\crops\1789392493186_285425636973233444_5944122805105729455_4e64b7993dd97cdd2d6942474ba48fe5_det_001_trash.jpg,trash,trash,0.1687,UNCERTAIN,MATCH,0.1681,0.1636,0.166,0.1667,0.1669,0.1687
1789392493209_285425636973233444_5944122805105729455_852133de602dfdf1502122588b7c07d0_det_001_trash.jpg,D:\DACN\week4\crops\1789392493209_285425636973233444_5944122805105729455_852133de602dfdf1502122588b7c07d0_det_001_trash.jpg,trash,plastic,0.1681,UNCERTAIN,MISMATCH,0.1639,0.1675,0.1655,0.1677,0.1681,0.1673
1789392493209_285425636973233444_5944122805105729455_852133de602dfdf1502122588b7c07d0_det_002_trash.jpg,D:\DACN\week4\crops\1789392493209_285425636973233444_5944122805105729455_852133de602dfdf1502122588b7c07d0_det_002_trash.jpg,trash,plastic,0.169,UNCERTAIN,MISMATCH,0.1635,0.1679,0.1648,0.1678,0.169,0.1669
1789392493209_285425636973233444_5944122805105729455_852133de602dfdf1502122588b7c07d0_det_003_trash.jpg,D:\DACN\week4\crops\1789392493209_285425636973233444_5944122805105729455_852133de602dfdf1502122588b7c07d0_det_003_trash.jpg,trash,glass,0.1683,UNCERTAIN,MISMATCH,0.1642,0.1683,0.1664,0.1661,0.1682,0.1667
1789392493231_285425636973233444_5944122805105729455_9bec4fe5561354037679c7394fb8412f_det_001_trash.jpg,D:\DACN\week4\crops\1789392493231_285425636973233444_5944122805105729455_9bec4fe5561354037679c7394fb8412f_det_001_trash.jpg,trash,trash,0.1698,UNCERTAIN,MATCH,0.1652,0.1636,0.1663,0.1665,0.1685,0.1698
1789392493253_285425636973233444_5944122805105729455_039b60161ec921364a367350d55f5ba3_det_001_trash.jpg,D:\DACN\week4\crops\1789392493253_285425636973233444_5944122805105729455_039b60161ec921364a367350d55f5ba3_det_001_trash.jpg,trash,plastic,0.1688,UNCERTAIN,MISMATCH,0.1644,0.1665,0.1671,0.1676,0.1688,0.1655
1789392493253_285425636973233444_5944122805105729455_039b60161ec921364a367350d55f5ba3_det_002_trash.jpg,D:\DACN\week4\crops\1789392493253_285425636973233444_5944122805105729455_039b60161ec921364a367350d55f5ba3_det_002_trash.jpg,trash,plastic,0.1721,UNCERTAIN,MISMATCH,0.162,0.1704,0.1637,0.1662,0.1721,0.1656
1789392493275_285425636973233444_5944122805105729455_1fc86f3cd63b32149e869041e366cdfe_det_001_trash.jpg,D:\DACN\week4\crops\1789392493275_285425636973233444_5944122805105729455_1fc86f3cd63b32149e869041e366cdfe_det_001_trash.jpg,trash,trash,0.1699,UNCERTAIN,MATCH,0.1665,0.1641,0.1626,0.1684,0.1685,0.1699
1789392493302_285425636973233444_5944122805105729455_3e3b9727ae26585ce3352884bfb69f07_det_001_trash.jpg,D:\DACN\week4\crops\1789392493302_285425636973233444_5944122805105729455_3e3b9727ae26585ce3352884bfb69f07_det_001_trash.jpg,trash,plastic,0.1696,UNCERTAIN,MISMATCH,0.165,0.1648,0.165,0.1671,0.1696,0.1684
1789392493302_285425636973233444_5944122805105729455_3e3b9727ae26585ce3352884bfb69f07_det_002_trash.jpg,D:\DACN\week4\crops\1789392493302_285425636973233444_5944122805105729455_3e3b9727ae26585ce3352884bfb69f07_det_002_trash.jpg,trash,plastic,0.1685,UNCERTAIN,MISMATCH,0.1641,0.1668,0.1674,0.1672,0.1685,0.1661
1789392493324_285425636973233444_5944122805105729455_10f28b19db9731b0a24f75309ca853fa_det_001_trash.jpg,D:\DACN\week4\crops\1789392493324_285425636973233444_5944122805105729455_10f28b19db9731b0a24f75309ca853fa_det_001_trash.jpg,trash,plastic,0.1702,UNCERTAIN,MISMATCH,0.1644,0.1686,0.1659,0.1672,0.1702,0.1636
1789392493347_285425636973233444_5944122805105729455_f60f27f7226e9a19a5691337d807d4f6_det_001_trash.jpg,D:\DACN\week4\crops\1789392493347_285425636973233444_5944122805105729455_f60f27f7226e9a19a5691337d807d4f6_det_001_trash.jpg,trash,glass,0.1713,UNCERTAIN,MISMATCH,0.1637,0.1713,0.1653,0.1652,0.1695,0.1651
1789392493369_285425636973233444_5944122805105729455_78acc3724f3931f391fe61d014896235_det_001_trash.jpg,D:\DACN\week4\crops\1789392493369_285425636973233444_5944122805105729455_78acc3724f3931f391fe61d014896235_det_001_trash.jpg,trash,plastic,0.1694,UNCERTAIN,MISMATCH,0.1638,0.1683,0.1637,0.1684,0.1694,0.1664
1789392493391_285425636973233444_5944122805105729455_a6819157f39cefec76830d0fb70e8c11_det_001_trash.jpg,D:\DACN\week4\crops\1789392493391_285425636973233444_5944122805105729455_a6819157f39cefec76830d0fb70e8c11_det_001_trash.jpg,trash,plastic,0.1715,UNCERTAIN,MISMATCH,0.163,0.1675,0.1641,0.166,0.1715,0.1679
1789392493391_285425636973233444_5944122805105729455_a6819157f39cefec76830d0fb70e8c11_det_002_trash.jpg,D:\DACN\week4\crops\1789392493391_285425636973233444_5944122805105729455_a6819157f39cefec76830d0fb70e8c11_det_002_trash.jpg,trash,glass,0.1698,UNCERTAIN,MISMATCH,0.1607,0.1698,0.1698,0.1668,0.1681,0.1648
1789392493436_285425636973233444_5944122805105729455_959183eac705976110dc1d07584fd1d7_det_001_trash.jpg,D:\DACN\week4\crops\1789392493436_285425636973233444_5944122805105729455_959183eac705976110dc1d07584fd1d7_det_001_trash.jpg,trash,plastic,0.1684,UNCERTAIN,MISMATCH,0.1658,0.1653,0.1642,0.1681,0.1684,0.1682
1789392493458_285425636973233444_5944122805105729455_db069f1b348b6c676427f2018ce3fbc9_det_001_trash.jpg,D:\DACN\week4\crops\1789392493458_285425636973233444_5944122805105729455_db069f1b348b6c676427f2018ce3fbc9_det_001_trash.jpg,trash,trash,0.1703,UNCERTAIN,MATCH,0.1644,0.1636,0.1664,0.1675,0.1679,0.1703
1789392493458_285425636973233444_5944122805105729455_db069f1b348b6c676427f2018ce3fbc9_det_002_trash.jpg,D:\DACN\week4\crops\1789392493458_285425636973233444_5944122805105729455_db069f1b348b6c676427f2018ce3fbc9_det_002_trash.jpg,trash,glass,0.1712,UNCERTAIN,MISMATCH,0.1626,0.1712,0.166,0.1647,0.1695,0.1661
1789392493480_285425636973233444_5944122805105729455_fbe4ced385a228041f9b81f8391dbfe6_det_001_trash.jpg,D:\DACN\week4\crops\1789392493480_285425636973233444_5944122805105729455_fbe4ced385a228041f9b81f8391dbfe6_det_001_trash.jpg,trash,paper,0.171,UNCERTAIN,MISMATCH,0.1649,0.1643,0.162,0.171,0.169,0.1689
1789392493502_285425636973233444_5944122805105729455_3e3cc5a579c230765f2dcb00258ce3e3_det_001_trash.jpg,D:\DACN\week4\crops\1789392493502_285425636973233444_5944122805105729455_3e3cc5a579c230765f2dcb00258ce3e3_det_001_trash.jpg,trash,trash,0.1692,UNCERTAIN,MATCH,0.1649,0.1656,0.1636,0.1681,0.1686,0.1692
1789392493525_285425636973233444_5944122805105729455_b80ab3c16a3ea8ffbef021cc49519de9_det_001_trash.jpg,D:\DACN\week4\crops\1789392493525_285425636973233444_5944122805105729455_b80ab3c16a3ea8ffbef021cc49519de9_det_001_trash.jpg,trash,paper,0.1695,UNCERTAIN,MISMATCH,0.1664,0.1648,0.1649,0.1695,0.1669,0.1675
1789392493546_285425636973233444_5944122805105729455_e86c02e19ca3cd8a0d8e83c5e9acec39_det_001_trash.jpg,D:\DACN\week4\crops\1789392493546_285425636973233444_5944122805105729455_e86c02e19ca3cd8a0d8e83c5e9acec39_det_001_trash.jpg,trash,plastic,0.171,UNCERTAIN,MISMATCH,0.1632,0.1698,0.1636,0.167,0.171,0.1653
1789392493546_285425636973233444_5944122805105729455_e86c02e19ca3cd8a0d8e83c5e9acec39_det_002_trash.jpg,D:\DACN\week4\crops\1789392493546_285425636973233444_5944122805105729455_e86c02e19ca3cd8a0d8e83c5e9acec39_det_002_trash.jpg,trash,cardboard,0.1683,UNCERTAIN,MISMATCH,0.1683,0.1644,0.1673,0.168,0.1662,0.1658
1789392493569_285425636973233444_5944122805105729455_a792673916200d47337ca89e1f58aea1_det_001_trash.jpg,D:\DACN\week4\crops\1789392493569_285425636973233444_5944122805105729455_a792673916200d47337ca89e1f58aea1_det_001_trash.jpg,trash,paper,0.1691,UNCERTAIN,MISMATCH,0.1648,0.1645,0.1649,0.1691,0.1688,0.1679
1789392493591_285425636973233444_5944122805105729455_83564fcf8582b164181829e9a8ab44d0_det_001_trash.jpg,D:\DACN\week4\crops\1789392493591_285425636973233444_5944122805105729455_83564fcf8582b164181829e9a8ab44d0_det_001_trash.jpg,trash,paper,0.1707,UNCERTAIN,MISMATCH,0.1675,0.1645,0.1641,0.1707,0.1683,0.1649
1789392493613_285425636973233444_5944122805105729455_5bbb222d6bca5823cc417c055b5cfd88_det_001_trash.jpg,D:\DACN\week4\crops\1789392493613_285425636973233444_5944122805105729455_5bbb222d6bca5823cc417c055b5cfd88_det_001_trash.jpg,trash,paper,0.1696,UNCERTAIN,MISMATCH,0.1651,0.1636,0.1638,0.1696,0.169,0.1689
1789392493636_285425636973233444_5944122805105729455_b5362d955595fdb63d58350a61a1c149_det_001_trash.jpg,D:\DACN\week4\crops\1789392493636_285425636973233444_5944122805105729455_b5362d955595fdb63d58350a61a1c149_det_001_trash.jpg,trash,paper,0.1698,UNCERTAIN,MISMATCH,0.1654,0.1649,0.1639,0.1698,0.1692,0.1667
1789392493658_285425636973233444_5944122805105729455_ec74218c5c797a6b6681af748365bf62_det_001_trash.jpg,D:\DACN\week4\crops\1789392493658_285425636973233444_5944122805105729455_ec74218c5c797a6b6681af748365bf62_det_001_trash.jpg,trash,trash,0.1692,UNCERTAIN,MATCH,0.168,0.1638,0.1656,0.1675,0.1659,0.1692
1789393039233_285425636973233444_5944122805105729455_8627e57488d3d10ea031fa30870cdab8_det_001_trash.jpg,D:\DACN\week4\crops\1789393039233_285425636973233444_5944122805105729455_8627e57488d3d10ea031fa30870cdab8_det_001_trash.jpg,trash,plastic,0.1718,UNCERTAIN,MISMATCH,0.1617,0.1707,0.1647,0.1642,0.1718,0.1669
1789393039233_285425636973233444_5944122805105729455_8627e57488d3d10ea031fa30870cdab8_det_002_trash.jpg,D:\DACN\week4\crops\1789393039233_285425636973233444_5944122805105729455_8627e57488d3d10ea031fa30870cdab8_det_002_trash.jpg,trash,trash,0.1689,UNCERTAIN,MATCH,0.1645,0.1665,0.1678,0.1654,0.1668,0.1689
1789393039233_285425636973233444_5944122805105729455_8627e57488d3d10ea031fa30870cdab8_det_003_glass.jpg,D:\DACN\week4\crops\1789393039233_285425636973233444_5944122805105729455_8627e57488d3d10ea031fa30870cdab8_det_003_glass.jpg,glass,plastic,0.1696,UNCERTAIN,MISMATCH,0.1644,0.1684,0.1684,0.165,0.1696,0.1642
1789393039233_285425636973233444_5944122805105729455_8627e57488d3d10ea031fa30870cdab8_det_004_trash.jpg,D:\DACN\week4\crops\1789393039233_285425636973233444_5944122805105729455_8627e57488d3d10ea031fa30870cdab8_det_004_trash.jpg,trash,paper,0.1687,UNCERTAIN,MISMATCH,0.1668,0.1657,0.1662,0.1687,0.1667,0.1658
1789393039259_285425636973233444_5944122805105729455_bbe96c43ab172fea68b68c1de831604b_det_001_trash.jpg,D:\DACN\week4\crops\1789393039259_285425636973233444_5944122805105729455_bbe96c43ab172fea68b68c1de831604b_det_001_trash.jpg,trash,plastic,0.1711,UNCERTAIN,MISMATCH,0.1623,0.168,0.1643,0.1673,0.1711,0.167
1789393039259_285425636973233444_5944122805105729455_bbe96c43ab172fea68b68c1de831604b_det_002_trash.jpg,D:\DACN\week4\crops\1789393039259_285425636973233444_5944122805105729455_bbe96c43ab172fea68b68c1de831604b_det_002_trash.jpg,trash,glass,0.1691,UNCERTAIN,MISMATCH,0.1641,0.1691,0.1649,0.168,0.1686,0.1653
1789393039259_285425636973233444_5944122805105729455_bbe96c43ab172fea68b68c1de831604b_det_003_trash.jpg,D:\DACN\week4\crops\1789393039259_285425636973233444_5944122805105729455_bbe96c43ab172fea68b68c1de831604b_det_003_trash.jpg,trash,plastic,0.1693,UNCERTAIN,MISMATCH,0.1636,0.1676,0.1676,0.1651,0.1693,0.167
1789393039259_285425636973233444_5944122805105729455_bbe96c43ab172fea68b68c1de831604b_det_004_trash.jpg,D:\DACN\week4\crops\1789393039259_285425636973233444_5944122805105729455_bbe96c43ab172fea68b68c1de831604b_det_004_trash.jpg,trash,metal,0.17,UNCERTAIN,MISMATCH,0.16,0.1691,0.17,0.1646,0.1699,0.1664
1789393039259_285425636973233444_5944122805105729455_bbe96c43ab172fea68b68c1de831604b_det_005_trash.jpg,D:\DACN\week4\crops\1789393039259_285425636973233444_5944122805105729455_bbe96c43ab172fea68b68c1de831604b_det_005_trash.jpg,trash,plastic,0.1703,UNCERTAIN,MISMATCH,0.1623,0.1702,0.167,0.1654,0.1703,0.1648
1789393039281_285425636973233444_5944122805105729455_14bb1a097206362bf44434aaeddc7056_det_001_trash.jpg,D:\DACN\week4\crops\1789393039281_285425636973233444_5944122805105729455_14bb1a097206362bf44434aaeddc7056_det_001_trash.jpg,trash,metal,0.1704,UNCERTAIN,MISMATCH,0.1652,0.1672,0.1704,0.166,0.1662,0.165
1789393039305_285425636973233444_5944122805105729455_2cc12b5220cc65f60d946e953b5ea1e1_det_001_trash.jpg,D:\DACN\week4\crops\1789393039305_285425636973233444_5944122805105729455_2cc12b5220cc65f60d946e953b5ea1e1_det_001_trash.jpg,trash,glass,0.1726,UNCERTAIN,MISMATCH,0.1602,0.1726,0.1657,0.1656,0.1715,0.1643
1789393039332_285425636973233444_5944122805105729455_5464ff35d56aa025962d575f18590103_det_001_trash.jpg,D:\DACN\week4\crops\1789393039332_285425636973233444_5944122805105729455_5464ff35d56aa025962d575f18590103_det_001_trash.jpg,trash,glass,0.1731,UNCERTAIN,MISMATCH,0.1585,0.1731,0.1671,0.1636,0.1729,0.1648
1789393039360_285425636973233444_5944122805105729455_a20e8405ab5007eb730db989b75be53a_det_001_trash.jpg,D:\DACN\week4\crops\1789393039360_285425636973233444_5944122805105729455_a20e8405ab5007eb730db989b75be53a_det_001_trash.jpg,trash,glass,0.1743,UNCERTAIN,MISMATCH,0.1599,0.1743,0.1673,0.163,0.1715,0.164
1789393039382_285425636973233444_5944122805105729455_ae2ed7149c85e482b4a4db571341dcae_det_001_trash.jpg,D:\DACN\week4\crops\1789393039382_285425636973233444_5944122805105729455_ae2ed7149c85e482b4a4db571341dcae_det_001_trash.jpg,trash,glass,0.1708,UNCERTAIN,MISMATCH,0.1633,0.1708,0.1689,0.1661,0.168,0.1629
1789393039382_285425636973233444_5944122805105729455_ae2ed7149c85e482b4a4db571341dcae_det_002_trash.jpg,D:\DACN\week4\crops\1789393039382_285425636973233444_5944122805105729455_ae2ed7149c85e482b4a4db571341dcae_det_002_trash.jpg,trash,glass,0.171,UNCERTAIN,MISMATCH,0.1626,0.171,0.1653,0.1668,0.1698,0.1645
2019-06-26-15-28-36-576x432_det_001_trash.jpg,D:\DACN\week4\crops\2019-06-26-15-28-36-576x432_det_001_trash.jpg,trash,metal,0.1716,UNCERTAIN,MISMATCH,0.1654,0.1637,0.1716,0.1649,0.166,0.1684
2019-06-26-15-28-36-576x432_det_002_metal.jpg,D:\DACN\week4\crops\2019-06-26-15-28-36-576x432_det_002_metal.jpg,metal,metal,0.1723,UNCERTAIN,MATCH,0.1657,0.1639,0.1723,0.1646,0.1657,0.1678
20260911_102206_det_001_trash.jpg,D:\DACN\week4\crops\20260911_102206_det_001_trash.jpg,trash,glass,0.1682,UNCERTAIN,MISMATCH,0.1662,0.1682,0.1654,0.168,0.1675,0.1646
20260911_102235_det_001_trash.jpg,D:\DACN\week4\crops\20260911_102235_det_001_trash.jpg,trash,cardboard,0.1713,UNCERTAIN,MISMATCH,0.1713,0.1624,0.1635,0.1694,0.1658,0.1676
20260911_102320_det_001_trash.jpg,D:\DACN\week4\crops\20260911_102320_det_001_trash.jpg,trash,metal,0.1681,UNCERTAIN,MISMATCH,0.1665,0.1674,0.1681,0.1676,0.1664,0.1641
20260911_102325_det_001_trash.jpg,D:\DACN\week4\crops\20260911_102325_det_001_trash.jpg,trash,metal,0.1683,UNCERTAIN,MISMATCH,0.1655,0.1678,0.1683,0.1683,0.1669,0.1632
20260911_102342_det_001_trash.jpg,D:\DACN\week4\crops\20260911_102342_det_001_trash.jpg,trash,glass,0.1716,UNCERTAIN,MISMATCH,0.1623,0.1716,0.1668,0.1669,0.1691,0.1633
20260911_111214_det_001_trash.jpg,D:\DACN\week4\crops\20260911_111214_det_001_trash.jpg,trash,plastic,0.1682,UNCERTAIN,MISMATCH,0.1661,0.165,0.1649,0.1679,0.1682,0.1678
20260911_111236_det_001_glass.jpg,D:\DACN\week4\crops\20260911_111236_det_001_glass.jpg,glass,paper,0.1677,UNCERTAIN,MISMATCH,0.1657,0.1677,0.1662,0.1677,0.1666,0.1661
20260911_111251_det_001_trash.jpg,D:\DACN\week4\crops\20260911_111251_det_001_trash.jpg,trash,paper,0.167,UNCERTAIN,MISMATCH,0.1668,0.1669,0.1661,0.167,0.1668,0.1665
20260911_111251_det_002_metal.jpg,D:\DACN\week4\crops\20260911_111251_det_002_metal.jpg,metal,paper,0.1672,UNCERTAIN,MISMATCH,0.1666,0.1671,0.1656,0.1672,0.1669,0.1666
20260911_111337_det_001_trash.jpg,D:\DACN\week4\crops\20260911_111337_det_001_trash.jpg,trash,paper,0.1679,UNCERTAIN,MISMATCH,0.1666,0.1647,0.1673,0.1679,0.1677,0.1658
20260911_193813_det_001_trash.jpg,D:\DACN\week4\crops\20260911_193813_det_001_trash.jpg,trash,paper,0.1693,UNCERTAIN,MISMATCH,0.1675,0.1636,0.1643,0.1693,0.1667,0.1687
20260911_193817_det_001_trash.jpg,D:\DACN\week4\crops\20260911_193817_det_001_trash.jpg,trash,paper,0.1693,UNCERTAIN,MISMATCH,0.1675,0.1629,0.165,0.1693,0.1674,0.1679
20260911_193817_det_002_trash.jpg,D:\DACN\week4\crops\20260911_193817_det_002_trash.jpg,trash,paper,0.1701,UNCERTAIN,MISMATCH,0.1681,0.162,0.1646,0.1701,0.1667,0.1684
20260911_193850_det_001_trash.jpg,D:\DACN\week4\crops\20260911_193850_det_001_trash.jpg,trash,plastic,0.1725,UNCERTAIN,MISMATCH,0.1622,0.1655,0.1625,0.1679,0.1725,0.1696
20260911_194049_det_001_trash.jpg,D:\DACN\week4\crops\20260911_194049_det_001_trash.jpg,trash,cardboard,0.1675,UNCERTAIN,MISMATCH,0.1675,0.1651,0.1668,0.1675,0.1669,0.1661
20260911_194149_det_001_paper.jpg,D:\DACN\week4\crops\20260911_194149_det_001_paper.jpg,paper,metal,0.1685,UNCERTAIN,MISMATCH,0.1652,0.1685,0.1685,0.1636,0.1677,0.1666
20260911_194239_det_001_trash.jpg,D:\DACN\week4\crops\20260911_194239_det_001_trash.jpg,trash,metal,0.1697,UNCERTAIN,MISMATCH,0.1658,0.1669,0.1697,0.1665,0.1669,0.1642
20260911_194239_det_002_trash.jpg,D:\DACN\week4\crops\20260911_194239_det_002_trash.jpg,trash,metal,0.169,UNCERTAIN,MISMATCH,0.1668,0.1664,0.169,0.1669,0.1665,0.1645
20260911_194242_det_001_trash.jpg,D:\DACN\week4\crops\20260911_194242_det_001_trash.jpg,trash,glass,0.1686,UNCERTAIN,MISMATCH,0.1654,0.1686,0.1686,0.1654,0.1664,0.1655
20260911_194242_det_002_trash.jpg,D:\DACN\week4\crops\20260911_194242_det_002_trash.jpg,trash,paper,0.1675,UNCERTAIN,MISMATCH,0.1668,0.1673,0.1671,0.1675,0.1658,0.1655
20260911_194245_det_001_trash.jpg,D:\DACN\week4\crops\20260911_194245_det_001_trash.jpg,trash,glass,0.1682,UNCERTAIN,MISMATCH,0.1665,0.1682,0.1672,0.1657,0.1667,0.1657
20260911_194254_det_001_trash.jpg,D:\DACN\week4\crops\20260911_194254_det_001_trash.jpg,trash,trash,0.1697,UNCERTAIN,MATCH,0.1667,0.1631,0.1636,0.1691,0.1678,0.1697
20260911_194257_det_001_trash.jpg,D:\DACN\week4\crops\20260911_194257_det_001_trash.jpg,trash,glass,0.1697,UNCERTAIN,MISMATCH,0.1637,0.1697,0.1674,0.1663,0.1676,0.1654
20260911_194300_det_001_trash.jpg,D:\DACN\week4\crops\20260911_194300_det_001_trash.jpg,trash,glass,0.169,UNCERTAIN,MISMATCH,0.1621,0.169,0.169,0.1655,0.1687,0.1657
20260911_205537_det_001_trash.jpg,D:\DACN\week4\crops\20260911_205537_det_001_trash.jpg,trash,plastic,0.1696,UNCERTAIN,MISMATCH,0.1657,0.1647,0.1639,0.169,0.1696,0.1671
20260912_125956_det_001_trash.jpg,D:\DACN\week4\crops\20260912_125956_det_001_trash.jpg,trash,cardboard,0.1677,UNCERTAIN,MISMATCH,0.1677,0.1659,0.1658,0.1673,0.167,0.1663
20260912_125956_det_002_trash.jpg,D:\DACN\week4\crops\20260912_125956_det_002_trash.jpg,trash,glass,0.1684,UNCERTAIN,MISMATCH,0.1645,0.1684,0.1673,0.1656,0.1676,0.1665
53ab23c9-8129-490f-9634-de13b07019ba_det_001_metal.jpg,D:\DACN\week4\crops\53ab23c9-8129-490f-9634-de13b07019ba_det_001_metal.jpg,metal,paper,0.1727,UNCERTAIN,MISMATCH,0.1669,0.164,0.1646,0.1727,0.1652,0.1666
black_and_white_paper_1706eb7bd1_det_001_paper.jpg,D:\DACN\week4\crops\black_and_white_paper_1706eb7bd1_det_001_paper.jpg,paper,paper,0.176,UNCERTAIN,MATCH,0.1666,0.1621,0.1649,0.176,0.1629,0.1674
bundle-of-newspapers-for-recycling-silhouetted-on-white-background-AH26B3_det_001_paper.jpg,D:\DACN\week4\crops\bundle-of-newspapers-for-recycling-silhouetted-on-white-background-AH26B3_det_001_paper.jpg,paper,paper,0.1725,UNCERTAIN,MATCH,0.167,0.1631,0.1655,0.1725,0.1644,0.1674
Bản sao của IMG20260911163628_det_001_trash.jpg,D:\DACN\week4\crops\Bản sao của IMG20260911163628_det_001_trash.jpg,trash,glass,0.172,UNCERTAIN,MISMATCH,0.1622,0.172,0.1696,0.1649,0.1677,0.1637
Bản sao của IMG20260911163628_det_002_trash.jpg,D:\DACN\week4\crops\Bản sao của IMG20260911163628_det_002_trash.jpg,trash,plastic,0.1696,UNCERTAIN,MISMATCH,0.1636,0.1695,0.1641,0.1668,0.1696,0.1664
cardboard-boxes-various-garbage-used-260nw-2665406207_det_001_metal.jpg,D:\DACN\week4\crops\cardboard-boxes-various-garbage-used-260nw-2665406207_det_001_metal.jpg,metal,cardboard,0.1738,UNCERTAIN,MISMATCH,0.1738,0.1618,0.1646,0.1677,0.1671,0.1652
cc73289f-d4b8-4a91-8238-dacb4d39e1e9_det_001_metal.jpg,D:\DACN\week4\crops\cc73289f-d4b8-4a91-8238-dacb4d39e1e9_det_001_metal.jpg,metal,paper,0.1726,UNCERTAIN,MISMATCH,0.167,0.1628,0.1657,0.1726,0.1643,0.1675
glass100_det_001_glass.jpg,D:\DACN\week4\crops\glass100_det_001_glass.jpg,glass,glass,0.173,UNCERTAIN,MATCH,0.1639,0.173,0.1642,0.1635,0.1693,0.166
glass101_det_001_glass.jpg,D:\DACN\week4\crops\glass101_det_001_glass.jpg,glass,glass,0.1762,UNCERTAIN,MATCH,0.1611,0.1762,0.1664,0.1626,0.1697,0.164
glass102_det_001_glass.jpg,D:\DACN\week4\crops\glass102_det_001_glass.jpg,glass,glass,0.172,UNCERTAIN,MATCH,0.162,0.172,0.1678,0.1646,0.1706,0.163
glass104_det_001_glass.jpg,D:\DACN\week4\crops\glass104_det_001_glass.jpg,glass,glass,0.1724,UNCERTAIN,MATCH,0.1629,0.1724,0.163,0.1645,0.1718,0.1654
glass105_det_001_glass.jpg,D:\DACN\week4\crops\glass105_det_001_glass.jpg,glass,glass,0.1723,UNCERTAIN,MATCH,0.1636,0.1723,0.1655,0.1637,0.1701,0.1646
glass106_det_001_glass.jpg,D:\DACN\week4\crops\glass106_det_001_glass.jpg,glass,glass,0.1717,UNCERTAIN,MATCH,0.1623,0.1717,0.1688,0.1642,0.1701,0.1628
glass107_det_001_glass.jpg,D:\DACN\week4\crops\glass107_det_001_glass.jpg,glass,glass,0.1704,UNCERTAIN,MATCH,0.1658,0.1704,0.1663,0.1651,0.1677,0.1647
glass108_det_001_glass.jpg,D:\DACN\week4\crops\glass108_det_001_glass.jpg,glass,glass,0.1745,UNCERTAIN,MATCH,0.1597,0.1745,0.1673,0.1639,0.1699,0.1647
glass109_det_001_glass.jpg,D:\DACN\week4\crops\glass109_det_001_glass.jpg,glass,glass,0.1738,UNCERTAIN,MATCH,0.1616,0.1738,0.165,0.1634,0.1693,0.167
glass10_det_001_glass.jpg,D:\DACN\week4\crops\glass10_det_001_glass.jpg,glass,glass,0.1738,UNCERTAIN,MATCH,0.1602,0.1738,0.1647,0.1645,0.1699,0.1669
glass110_det_001_glass.jpg,D:\DACN\week4\crops\glass110_det_001_glass.jpg,glass,glass,0.1713,UNCERTAIN,MATCH,0.1616,0.1713,0.1646,0.1676,0.1697,0.1651
glass111_det_001_glass.jpg,D:\DACN\week4\crops\glass111_det_001_glass.jpg,glass,glass,0.1758,UNCERTAIN,MATCH,0.1586,0.1758,0.1661,0.1631,0.171,0.1653
glass112_det_001_glass.jpg,D:\DACN\week4\crops\glass112_det_001_glass.jpg,glass,glass,0.1724,UNCERTAIN,MATCH,0.1609,0.1724,0.1697,0.1645,0.1678,0.1647
glass113_det_001_glass.jpg,D:\DACN\week4\crops\glass113_det_001_glass.jpg,glass,glass,0.1725,UNCERTAIN,MATCH,0.1654,0.1725,0.1654,0.1628,0.1681,0.1659
glass115_det_001_glass.jpg,D:\DACN\week4\crops\glass115_det_001_glass.jpg,glass,glass,0.1733,UNCERTAIN,MATCH,0.1609,0.1733,0.1702,0.163,0.168,0.1647
glass118_det_001_glass.jpg,D:\DACN\week4\crops\glass118_det_001_glass.jpg,glass,glass,0.1698,UNCERTAIN,MATCH,0.1669,0.1698,0.165,0.1643,0.1675,0.1665
glass119_det_001_glass.jpg,D:\DACN\week4\crops\glass119_det_001_glass.jpg,glass,glass,0.1724,UNCERTAIN,MATCH,0.1654,0.1724,0.1646,0.164,0.1689,0.1646
glass121_det_001_glass.jpg,D:\DACN\week4\crops\glass121_det_001_glass.jpg,glass,glass,0.1758,UNCERTAIN,MATCH,0.1608,0.1758,0.1651,0.162,0.1726,0.1636
glass122_det_001_glass.jpg,D:\DACN\week4\crops\glass122_det_001_glass.jpg,glass,plastic,0.1695,UNCERTAIN,MISMATCH,0.1643,0.1684,0.1668,0.1651,0.1695,0.1659
glass123_det_001_glass.jpg,D:\DACN\week4\crops\glass123_det_001_glass.jpg,glass,glass,0.1744,UNCERTAIN,MATCH,0.1618,0.1744,0.1649,0.1632,0.1707,0.1651
glass124_det_001_glass.jpg,D:\DACN\week4\crops\glass124_det_001_glass.jpg,glass,glass,0.1728,UNCERTAIN,MATCH,0.1607,0.1728,0.1671,0.1645,0.1706,0.1643
glass125_det_001_glass.jpg,D:\DACN\week4\crops\glass125_det_001_glass.jpg,glass,glass,0.17,UNCERTAIN,MATCH,0.1668,0.17,0.1644,0.1643,0.1677,0.1668
glass126_det_001_glass.jpg,D:\DACN\week4\crops\glass126_det_001_glass.jpg,glass,glass,0.1703,UNCERTAIN,MATCH,0.1633,0.1703,0.1663,0.166,0.1691,0.165
glass127_det_001_glass.jpg,D:\DACN\week4\crops\glass127_det_001_glass.jpg,glass,glass,0.1724,UNCERTAIN,MATCH,0.1632,0.1724,0.1683,0.1628,0.1677,0.1656
glass128_det_001_glass.jpg,D:\DACN\week4\crops\glass128_det_001_glass.jpg,glass,glass,0.1728,UNCERTAIN,MATCH,0.1635,0.1728,0.166,0.1631,0.1696,0.165
glass129_det_001_glass.jpg,D:\DACN\week4\crops\glass129_det_001_glass.jpg,glass,glass,0.1738,UNCERTAIN,MATCH,0.162,0.1738,0.17,0.1616,0.1689,0.1637
glass130_det_001_glass.jpg,D:\DACN\week4\crops\glass130_det_001_glass.jpg,glass,glass,0.1723,UNCERTAIN,MATCH,0.1665,0.1723,0.1656,0.1631,0.1685,0.164
glass131_det_001_glass.jpg,D:\DACN\week4\crops\glass131_det_001_glass.jpg,glass,glass,0.1753,UNCERTAIN,MATCH,0.1598,0.1753,0.1688,0.162,0.17,0.164
glass132_det_001_glass.jpg,D:\DACN\week4\crops\glass132_det_001_glass.jpg,glass,glass,0.1725,UNCERTAIN,MATCH,0.1623,0.1725,0.1683,0.1632,0.1685,0.1652
glass133_det_001_glass.jpg,D:\DACN\week4\crops\glass133_det_001_glass.jpg,glass,glass,0.1703,UNCERTAIN,MATCH,0.1662,0.1703,0.1659,0.1632,0.1691,0.1653
glass134_det_001_glass.jpg,D:\DACN\week4\crops\glass134_det_001_glass.jpg,glass,plastic,0.1691,UNCERTAIN,MISMATCH,0.1643,0.1685,0.1645,0.1673,0.1691,0.1663
glass135_det_001_glass.jpg,D:\DACN\week4\crops\glass135_det_001_glass.jpg,glass,glass,0.1712,UNCERTAIN,MATCH,0.1637,0.1712,0.1652,0.1641,0.1709,0.1648
glass136_det_001_glass.jpg,D:\DACN\week4\crops\glass136_det_001_glass.jpg,glass,glass,0.1742,UNCERTAIN,MATCH,0.1627,0.1742,0.1676,0.1612,0.169,0.1653
glass137_det_001_glass.jpg,D:\DACN\week4\crops\glass137_det_001_glass.jpg,glass,glass,0.1712,UNCERTAIN,MATCH,0.1642,0.1712,0.1676,0.1647,0.1694,0.1629
glass138_det_001_glass.jpg,D:\DACN\week4\crops\glass138_det_001_glass.jpg,glass,glass,0.1749,UNCERTAIN,MATCH,0.1591,0.1749,0.1664,0.1617,0.1711,0.1668
glass139_det_001_glass.jpg,D:\DACN\week4\crops\glass139_det_001_glass.jpg,glass,glass,0.1767,UNCERTAIN,MATCH,0.1592,0.1767,0.1669,0.1634,0.1706,0.1632
glass140_det_001_glass.jpg,D:\DACN\week4\crops\glass140_det_001_glass.jpg,glass,glass,0.1693,UNCERTAIN,MATCH,0.1678,0.1693,0.1664,0.1652,0.1662,0.165
glass141_det_001_glass.jpg,D:\DACN\week4\crops\glass141_det_001_glass.jpg,glass,glass,0.1705,UNCERTAIN,MATCH,0.1618,0.1705,0.1684,0.1655,0.1693,0.1644
glass142_det_001_glass.jpg,D:\DACN\week4\crops\glass142_det_001_glass.jpg,glass,glass,0.1748,UNCERTAIN,MATCH,0.1621,0.1748,0.1701,0.1614,0.1675,0.1641
glass143_det_001_glass.jpg,D:\DACN\week4\crops\glass143_det_001_glass.jpg,glass,glass,0.1716,UNCERTAIN,MATCH,0.1629,0.1716,0.1711,0.1624,0.168,0.164
glass144_det_001_glass.jpg,D:\DACN\week4\crops\glass144_det_001_glass.jpg,glass,glass,0.1748,UNCERTAIN,MATCH,0.1612,0.1748,0.166,0.1623,0.1706,0.1651
glass146_det_001_glass.jpg,D:\DACN\week4\crops\glass146_det_001_glass.jpg,glass,glass,0.1742,UNCERTAIN,MATCH,0.1623,0.1742,0.1677,0.1629,0.1696,0.1633
glass147_det_001_glass.jpg,D:\DACN\week4\crops\glass147_det_001_glass.jpg,glass,glass,0.1723,UNCERTAIN,MATCH,0.163,0.1723,0.1662,0.1666,0.1688,0.163
glass148_det_001_glass.jpg,D:\DACN\week4\crops\glass148_det_001_glass.jpg,glass,glass,0.1725,UNCERTAIN,MATCH,0.16,0.1725,0.17,0.1641,0.1684,0.165
glass14_det_001_glass.jpg,D:\DACN\week4\crops\glass14_det_001_glass.jpg,glass,glass,0.1745,UNCERTAIN,MATCH,0.1599,0.1745,0.1667,0.1645,0.171,0.1635
glass150_det_001_glass.jpg,D:\DACN\week4\crops\glass150_det_001_glass.jpg,glass,glass,0.1759,UNCERTAIN,MATCH,0.1601,0.1759,0.1667,0.1631,0.1706,0.1635
glass151_det_001_glass.jpg,D:\DACN\week4\crops\glass151_det_001_glass.jpg,glass,glass,0.1701,UNCERTAIN,MATCH,0.167,0.1701,0.1651,0.1642,0.1686,0.165
glass152_det_001_glass.jpg,D:\DACN\week4\crops\glass152_det_001_glass.jpg,glass,glass,0.1765,UNCERTAIN,MATCH,0.1612,0.1765,0.1656,0.1622,0.1709,0.1635
glass153_det_001_glass.jpg,D:\DACN\week4\crops\glass153_det_001_glass.jpg,glass,glass,0.1759,UNCERTAIN,MATCH,0.1596,0.1759,0.1666,0.1625,0.1705,0.1649
glass154_det_001_glass.jpg,D:\DACN\week4\crops\glass154_det_001_glass.jpg,glass,glass,0.1725,UNCERTAIN,MATCH,0.1648,0.1725,0.1663,0.1623,0.168,0.166
glass155_det_001_glass.jpg,D:\DACN\week4\crops\glass155_det_001_glass.jpg,glass,glass,0.1738,UNCERTAIN,MATCH,0.1632,0.1738,0.1639,0.1633,0.1723,0.1636
glass156_det_001_glass.jpg,D:\DACN\week4\crops\glass156_det_001_glass.jpg,glass,glass,0.1762,UNCERTAIN,MATCH,0.1597,0.1762,0.1667,0.1626,0.1699,0.1648
glass157_det_001_glass.jpg,D:\DACN\week4\crops\glass157_det_001_glass.jpg,glass,glass,0.1731,UNCERTAIN,MATCH,0.1614,0.1731,0.1639,0.1637,0.172,0.1659
glass15_det_001_glass.jpg,D:\DACN\week4\crops\glass15_det_001_glass.jpg,glass,glass,0.1751,UNCERTAIN,MATCH,0.1608,0.1751,0.1656,0.1644,0.1706,0.1635
glass160_det_001_glass.jpg,D:\DACN\week4\crops\glass160_det_001_glass.jpg,glass,glass,0.1756,UNCERTAIN,MATCH,0.1594,0.1756,0.169,0.1608,0.1702,0.1649
glass161_det_001_glass.jpg,D:\DACN\week4\crops\glass161_det_001_glass.jpg,glass,glass,0.1725,UNCERTAIN,MATCH,0.1655,0.1725,0.1664,0.1621,0.1696,0.1639
glass162_det_001_glass.jpg,D:\DACN\week4\crops\glass162_det_001_glass.jpg,glass,glass,0.1694,UNCERTAIN,MATCH,0.1655,0.1694,0.1676,0.1622,0.1677,0.1676
glass163_det_001_glass.jpg,D:\DACN\week4\crops\glass163_det_001_glass.jpg,glass,glass,0.175,UNCERTAIN,MATCH,0.1604,0.175,0.1676,0.163,0.1695,0.1644
glass164_det_001_glass.jpg,D:\DACN\week4\crops\glass164_det_001_glass.jpg,glass,glass,0.1684,UNCERTAIN,MATCH,0.1682,0.1684,0.1662,0.1646,0.167,0.1656
glass165_det_001_glass.jpg,D:\DACN\week4\crops\glass165_det_001_glass.jpg,glass,plastic,0.1722,UNCERTAIN,MISMATCH,0.1626,0.1718,0.1655,0.1627,0.1722,0.1652
glass166_det_001_glass.jpg,D:\DACN\week4\crops\glass166_det_001_glass.jpg,glass,plastic,0.1706,UNCERTAIN,MISMATCH,0.164,0.1698,0.1649,0.1642,0.1706,0.1665
glass167_det_001_glass.jpg,D:\DACN\week4\crops\glass167_det_001_glass.jpg,glass,glass,0.1725,UNCERTAIN,MATCH,0.163,0.1725,0.1674,0.1632,0.1684,0.1654
glass169_det_001_glass.jpg,D:\DACN\week4\crops\glass169_det_001_glass.jpg,glass,glass,0.1735,UNCERTAIN,MATCH,0.1599,0.1735,0.1667,0.164,0.1703,0.1655
glass16_det_001_glass.jpg,D:\DACN\week4\crops\glass16_det_001_glass.jpg,glass,glass,0.1731,UNCERTAIN,MATCH,0.1599,0.1731,0.1678,0.1646,0.17,0.1646
glass170_det_001_glass.jpg,D:\DACN\week4\crops\glass170_det_001_glass.jpg,glass,metal,0.1719,UNCERTAIN,MISMATCH,0.1636,0.1713,0.1719,0.1625,0.1661,0.1647
glass171_det_001_glass.jpg,D:\DACN\week4\crops\glass171_det_001_glass.jpg,glass,glass,0.1743,UNCERTAIN,MATCH,0.1606,0.1743,0.164,0.1628,0.1734,0.1648
glass172_det_001_glass.jpg,D:\DACN\week4\crops\glass172_det_001_glass.jpg,glass,glass,0.1737,UNCERTAIN,MATCH,0.1614,0.1737,0.1658,0.1654,0.1705,0.1631
glass175_det_001_glass.jpg,D:\DACN\week4\crops\glass175_det_001_glass.jpg,glass,glass,0.1736,UNCERTAIN,MATCH,0.1607,0.1736,0.1688,0.1627,0.1693,0.1649
glass176_det_001_glass.jpg,D:\DACN\week4\crops\glass176_det_001_glass.jpg,glass,glass,0.172,UNCERTAIN,MATCH,0.1626,0.172,0.1673,0.1657,0.1694,0.1631
glass177_det_001_glass.jpg,D:\DACN\week4\crops\glass177_det_001_glass.jpg,glass,glass,0.1731,UNCERTAIN,MATCH,0.1612,0.1731,0.1643,0.1654,0.1714,0.1646
glass178_det_001_glass.jpg,D:\DACN\week4\crops\glass178_det_001_glass.jpg,glass,glass,0.1749,UNCERTAIN,MATCH,0.1608,0.1749,0.1662,0.164,0.1704,0.1636
glass179_det_001_glass.jpg,D:\DACN\week4\crops\glass179_det_001_glass.jpg,glass,glass,0.1744,UNCERTAIN,MATCH,0.1623,0.1744,0.1667,0.1629,0.1691,0.1645
glass17_det_001_glass.jpg,D:\DACN\week4\crops\glass17_det_001_glass.jpg,glass,glass,0.1729,UNCERTAIN,MATCH,0.1648,0.1729,0.1644,0.1642,0.1687,0.165
glass180_det_001_glass.jpg,D:\DACN\week4\crops\glass180_det_001_glass.jpg,glass,glass,0.1753,UNCERTAIN,MATCH,0.1613,0.1753,0.165,0.1647,0.1706,0.163
glass183_det_001_glass.jpg,D:\DACN\week4\crops\glass183_det_001_glass.jpg,glass,glass,0.1724,UNCERTAIN,MATCH,0.1622,0.1724,0.168,0.1647,0.1685,0.1642
glass184_det_001_glass.jpg,D:\DACN\week4\crops\glass184_det_001_glass.jpg,glass,glass,0.1704,UNCERTAIN,MATCH,0.1629,0.1704,0.165,0.1681,0.1689,0.1647
glass185_det_001_glass.jpg,D:\DACN\week4\crops\glass185_det_001_glass.jpg,glass,glass,0.17,UNCERTAIN,MATCH,0.1642,0.17,0.1678,0.1645,0.1682,0.1652
glass186_det_001_glass.jpg,D:\DACN\week4\crops\glass186_det_001_glass.jpg,glass,metal,0.1745,UNCERTAIN,MISMATCH,0.1653,0.1644,0.1745,0.1639,0.165,0.1669
glass188_det_001_glass.jpg,D:\DACN\week4\crops\glass188_det_001_glass.jpg,glass,glass,0.1747,UNCERTAIN,MATCH,0.1604,0.1747,0.165,0.165,0.1703,0.1645
glass189_det_001_glass.jpg,D:\DACN\week4\crops\glass189_det_001_glass.jpg,glass,plastic,0.1716,UNCERTAIN,MISMATCH,0.1629,0.1705,0.1644,0.1668,0.1716,0.1638
glass190_det_001_glass.jpg,D:\DACN\week4\crops\glass190_det_001_glass.jpg,glass,metal,0.1718,UNCERTAIN,MISMATCH,0.1641,0.1675,0.1718,0.1654,0.1661,0.165
glass191_det_001_glass.jpg,D:\DACN\week4\crops\glass191_det_001_glass.jpg,glass,glass,0.1747,UNCERTAIN,MATCH,0.1605,0.1747,0.1655,0.1643,0.1709,0.164
glass192_det_001_glass.jpg,D:\DACN\week4\crops\glass192_det_001_glass.jpg,glass,glass,0.1708,UNCERTAIN,MATCH,0.1647,0.1708,0.1682,0.1648,0.1672,0.1644
glass193_det_001_glass.jpg,D:\DACN\week4\crops\glass193_det_001_glass.jpg,glass,glass,0.1743,UNCERTAIN,MATCH,0.1591,0.1743,0.1656,0.1665,0.1715,0.1631
glass195_det_001_glass.jpg,D:\DACN\week4\crops\glass195_det_001_glass.jpg,glass,glass,0.1716,UNCERTAIN,MATCH,0.1616,0.1716,0.1691,0.1623,0.1692,0.1661
glass196_det_001_glass.jpg,D:\DACN\week4\crops\glass196_det_001_glass.jpg,glass,glass,0.1729,UNCERTAIN,MATCH,0.1599,0.1729,0.1652,0.1658,0.1713,0.1649
glass197_det_001_glass.jpg,D:\DACN\week4\crops\glass197_det_001_glass.jpg,glass,glass,0.1725,UNCERTAIN,MATCH,0.1629,0.1725,0.1659,0.1641,0.1701,0.1645
glass198_det_001_glass.jpg,D:\DACN\week4\crops\glass198_det_001_glass.jpg,glass,glass,0.1752,UNCERTAIN,MATCH,0.1591,0.1752,0.1687,0.1634,0.1695,0.1641
glass199_det_001_glass.jpg,D:\DACN\week4\crops\glass199_det_001_glass.jpg,glass,metal,0.1708,UNCERTAIN,MISMATCH,0.164,0.1667,0.1708,0.1652,0.1661,0.1673
glass19_det_001_glass.jpg,D:\DACN\week4\crops\glass19_det_001_glass.jpg,glass,glass,0.1713,UNCERTAIN,MATCH,0.166,0.1713,0.1661,0.1632,0.169,0.1645
glass1_det_001_glass.jpg,D:\DACN\week4\crops\glass1_det_001_glass.jpg,glass,glass,0.1742,UNCERTAIN,MATCH,0.1641,0.1742,0.1674,0.163,0.1682,0.1631
glass200_det_001_glass.jpg,D:\DACN\week4\crops\glass200_det_001_glass.jpg,glass,glass,0.1746,UNCERTAIN,MATCH,0.1603,0.1746,0.1685,0.164,0.1701,0.1625
glass201_det_001_glass.jpg,D:\DACN\week4\crops\glass201_det_001_glass.jpg,glass,glass,0.1758,UNCERTAIN,MATCH,0.1598,0.1758,0.1658,0.1634,0.1712,0.164
glass202_det_001_glass.jpg,D:\DACN\week4\crops\glass202_det_001_glass.jpg,glass,glass,0.1747,UNCERTAIN,MATCH,0.1592,0.1747,0.1674,0.1626,0.1699,0.1662
glass205_det_001_glass.jpg,D:\DACN\week4\crops\glass205_det_001_glass.jpg,glass,glass,0.1765,UNCERTAIN,MATCH,0.1595,0.1765,0.1665,0.1638,0.1704,0.1632
glass206_det_001_glass.jpg,D:\DACN\week4\crops\glass206_det_001_glass.jpg,glass,glass,0.1776,UNCERTAIN,MATCH,0.1591,0.1776,0.1658,0.1618,0.1716,0.164
glass207_det_001_glass.jpg,D:\DACN\week4\crops\glass207_det_001_glass.jpg,glass,glass,0.1708,UNCERTAIN,MATCH,0.1631,0.1708,0.1652,0.165,0.1687,0.1672
glass208_det_001_glass.jpg,D:\DACN\week4\crops\glass208_det_001_glass.jpg,glass,glass,0.1725,UNCERTAIN,MATCH,0.161,0.1725,0.1675,0.1657,0.1709,0.1623
glass209_det_001_glass.jpg,D:\DACN\week4\crops\glass209_det_001_glass.jpg,glass,glass,0.1709,UNCERTAIN,MATCH,0.1611,0.1709,0.1663,0.167,0.17,0.1648
glass20_det_001_glass.jpg,D:\DACN\week4\crops\glass20_det_001_glass.jpg,glass,glass,0.171,UNCERTAIN,MATCH,0.1654,0.171,0.1683,0.1638,0.1671,0.1645
glass210_det_001_glass.jpg,D:\DACN\week4\crops\glass210_det_001_glass.jpg,glass,glass,0.1768,UNCERTAIN,MATCH,0.1588,0.1768,0.164,0.1637,0.1727,0.164
glass211_det_001_glass.jpg,D:\DACN\week4\crops\glass211_det_001_glass.jpg,glass,glass,0.175,UNCERTAIN,MATCH,0.1587,0.175,0.1639,0.1636,0.1742,0.1646
glass212_det_001_glass.jpg,D:\DACN\week4\crops\glass212_det_001_glass.jpg,glass,glass,0.1746,UNCERTAIN,MATCH,0.1595,0.1746,0.1668,0.1658,0.1708,0.1625
glass214_det_001_glass.jpg,D:\DACN\week4\crops\glass214_det_001_glass.jpg,glass,glass,0.1763,UNCERTAIN,MATCH,0.1596,0.1763,0.1665,0.1629,0.1706,0.1641
glass215_det_001_glass.jpg,D:\DACN\week4\crops\glass215_det_001_glass.jpg,glass,glass,0.1719,UNCERTAIN,MATCH,0.1632,0.1719,0.1666,0.1627,0.1708,0.1648
glass216_det_001_glass.jpg,D:\DACN\week4\crops\glass216_det_001_glass.jpg,glass,plastic,0.1718,UNCERTAIN,MISMATCH,0.1639,0.1709,0.1644,0.1643,0.1718,0.1647
glass217_det_001_glass.jpg,D:\DACN\week4\crops\glass217_det_001_glass.jpg,glass,glass,0.1709,UNCERTAIN,MATCH,0.1636,0.1709,0.1655,0.1645,0.1696,0.166
glass218_det_001_glass.jpg,D:\DACN\week4\crops\glass218_det_001_glass.jpg,glass,plastic,0.1706,UNCERTAIN,MISMATCH,0.1639,0.1706,0.1638,0.1647,0.1706,0.1664
glass219_det_001_glass.jpg,D:\DACN\week4\crops\glass219_det_001_glass.jpg,glass,glass,0.1726,UNCERTAIN,MATCH,0.1623,0.1726,0.1661,0.1634,0.1698,0.1659
glass21_det_001_glass.jpg,D:\DACN\week4\crops\glass21_det_001_glass.jpg,glass,glass,0.1745,UNCERTAIN,MATCH,0.1598,0.1745,0.1676,0.1642,0.1691,0.1648
glass220_det_001_glass.jpg,D:\DACN\week4\crops\glass220_det_001_glass.jpg,glass,glass,0.1718,UNCERTAIN,MATCH,0.1623,0.1718,0.1643,0.1651,0.171,0.1655
glass221_det_001_glass.jpg,D:\DACN\week4\crops\glass221_det_001_glass.jpg,glass,glass,0.1708,UNCERTAIN,MATCH,0.1638,0.1708,0.1648,0.165,0.1695,0.1662
glass222_det_001_glass.jpg,D:\DACN\week4\crops\glass222_det_001_glass.jpg,glass,glass,0.1718,UNCERTAIN,MATCH,0.1611,0.1718,0.1671,0.163,0.1714,0.1656
glass223_det_001_glass.jpg,D:\DACN\week4\crops\glass223_det_001_glass.jpg,glass,metal,0.169,UNCERTAIN,MISMATCH,0.1635,0.1686,0.169,0.1653,0.1679,0.1657
glass224_det_001_glass.jpg,D:\DACN\week4\crops\glass224_det_001_glass.jpg,glass,glass,0.172,UNCERTAIN,MATCH,0.1634,0.172,0.1641,0.1674,0.1697,0.1634
glass225_det_001_glass.jpg,D:\DACN\week4\crops\glass225_det_001_glass.jpg,glass,glass,0.1726,UNCERTAIN,MATCH,0.1613,0.1726,0.1673,0.1659,0.1696,0.1633
glass226_det_001_glass.jpg,D:\DACN\week4\crops\glass226_det_001_glass.jpg,glass,plastic,0.1719,UNCERTAIN,MISMATCH,0.162,0.1706,0.165,0.166,0.1719,0.1645
glass227_det_001_glass.jpg,D:\DACN\week4\crops\glass227_det_001_glass.jpg,glass,glass,0.1723,UNCERTAIN,MATCH,0.165,0.1723,0.1662,0.1626,0.1689,0.1649
glass228_det_001_glass.jpg,D:\DACN\week4\crops\glass228_det_001_glass.jpg,glass,glass,0.1711,UNCERTAIN,MATCH,0.1626,0.1711,0.17,0.1627,0.1682,0.1655
glass229_det_001_glass.jpg,D:\DACN\week4\crops\glass229_det_001_glass.jpg,glass,glass,0.1711,UNCERTAIN,MATCH,0.1647,0.1711,0.1653,0.1637,0.1693,0.1659
glass22_det_001_glass.jpg,D:\DACN\week4\crops\glass22_det_001_glass.jpg,glass,metal,0.1701,UNCERTAIN,MISMATCH,0.1647,0.1667,0.1701,0.1641,0.1671,0.1672
glass230_det_001_glass.jpg,D:\DACN\week4\crops\glass230_det_001_glass.jpg,glass,glass,0.1724,UNCERTAIN,MATCH,0.1635,0.1724,0.1678,0.1628,0.1685,0.1651
glass231_det_001_glass.jpg,D:\DACN\week4\crops\glass231_det_001_glass.jpg,glass,glass,0.1709,UNCERTAIN,MATCH,0.1649,0.1709,0.1654,0.1641,0.1685,0.1662
glass232_det_001_glass.jpg,D:\DACN\week4\crops\glass232_det_001_glass.jpg,glass,glass,0.1755,UNCERTAIN,MATCH,0.1587,0.1755,0.1657,0.1621,0.172,0.166
glass234_det_001_glass.jpg,D:\DACN\week4\crops\glass234_det_001_glass.jpg,glass,glass,0.1712,UNCERTAIN,MATCH,0.1639,0.1712,0.1641,0.1652,0.1694,0.1662
glass236_det_001_glass.jpg,D:\DACN\week4\crops\glass236_det_001_glass.jpg,glass,glass,0.1714,UNCERTAIN,MATCH,0.1627,0.1714,0.1694,0.1632,0.168,0.1653
glass238_det_001_glass.jpg,D:\DACN\week4\crops\glass238_det_001_glass.jpg,glass,glass,0.1717,UNCERTAIN,MATCH,0.1654,0.1717,0.1664,0.1627,0.1682,0.1657
glass239_det_001_glass.jpg,D:\DACN\week4\crops\glass239_det_001_glass.jpg,glass,glass,0.1727,UNCERTAIN,MATCH,0.1631,0.1727,0.1678,0.1623,0.1698,0.1644
glass240_det_001_glass.jpg,D:\DACN\week4\crops\glass240_det_001_glass.jpg,glass,glass,0.1687,UNCERTAIN,MATCH,0.1666,0.1687,0.167,0.1637,0.1669,0.1672
glass241_det_001_glass.jpg,D:\DACN\week4\crops\glass241_det_001_glass.jpg,glass,glass,0.1705,UNCERTAIN,MATCH,0.1633,0.1705,0.1657,0.1639,0.1697,0.1669
glass242_det_001_glass.jpg,D:\DACN\week4\crops\glass242_det_001_glass.jpg,glass,glass,0.1739,UNCERTAIN,MATCH,0.1622,0.1739,0.1654,0.1615,0.1719,0.1651
glass243_det_001_glass.jpg,D:\DACN\week4\crops\glass243_det_001_glass.jpg,glass,plastic,0.1708,UNCERTAIN,MISMATCH,0.164,0.1702,0.1634,0.1645,0.1708,0.1671
glass244_det_001_glass.jpg,D:\DACN\week4\crops\glass244_det_001_glass.jpg,glass,glass,0.171,UNCERTAIN,MATCH,0.1662,0.171,0.1645,0.1651,0.1693,0.164
glass245_det_001_glass.jpg,D:\DACN\week4\crops\glass245_det_001_glass.jpg,glass,glass,0.1713,UNCERTAIN,MATCH,0.1644,0.1713,0.1657,0.1647,0.1687,0.1652
glass246_det_001_glass.jpg,D:\DACN\week4\crops\glass246_det_001_glass.jpg,glass,glass,0.1714,UNCERTAIN,MATCH,0.1645,0.1714,0.1656,0.1646,0.1685,0.1654
glass247_det_001_glass.jpg,D:\DACN\week4\crops\glass247_det_001_glass.jpg,glass,glass,0.1701,UNCERTAIN,MATCH,0.1657,0.1701,0.1651,0.1657,0.1683,0.165
glass249_det_001_glass.jpg,D:\DACN\week4\crops\glass249_det_001_glass.jpg,glass,glass,0.1771,UNCERTAIN,MATCH,0.1573,0.1771,0.167,0.1636,0.1713,0.1637
glass24_det_001_glass.jpg,D:\DACN\week4\crops\glass24_det_001_glass.jpg,glass,glass,0.1716,UNCERTAIN,MATCH,0.1622,0.1716,0.1683,0.1632,0.1688,0.1658
glass251_det_001_glass.jpg,D:\DACN\week4\crops\glass251_det_001_glass.jpg,glass,glass,0.1726,UNCERTAIN,MATCH,0.1624,0.1726,0.1697,0.163,0.168,0.1643
glass252_det_001_glass.jpg,D:\DACN\week4\crops\glass252_det_001_glass.jpg,glass,glass,0.1701,UNCERTAIN,MATCH,0.1642,0.1701,0.1682,0.1638,0.1678,0.166
glass253_det_001_glass.jpg,D:\DACN\week4\crops\glass253_det_001_glass.jpg,glass,glass,0.1736,UNCERTAIN,MATCH,0.1591,0.1736,0.1703,0.1627,0.17,0.1643
glass254_det_001_glass.jpg,D:\DACN\week4\crops\glass254_det_001_glass.jpg,glass,glass,0.172,UNCERTAIN,MATCH,0.1627,0.172,0.1657,0.166,0.1695,0.164
glass254_det_002_glass.jpg,D:\DACN\week4\crops\glass254_det_002_glass.jpg,glass,glass,0.1721,UNCERTAIN,MATCH,0.1622,0.1721,0.166,0.1659,0.17,0.1639
glass255_det_001_glass.jpg,D:\DACN\week4\crops\glass255_det_001_glass.jpg,glass,plastic,0.1706,UNCERTAIN,MISMATCH,0.1658,0.1663,0.1634,0.1667,0.1706,0.1673
glass256_det_001_glass.jpg,D:\DACN\week4\crops\glass256_det_001_glass.jpg,glass,metal,0.1696,UNCERTAIN,MISMATCH,0.1671,0.1661,0.1696,0.1648,0.1661,0.1663
glass258_det_001_glass.jpg,D:\DACN\week4\crops\glass258_det_001_glass.jpg,glass,glass,0.1756,UNCERTAIN,MATCH,0.1624,0.1756,0.1651,0.1636,0.1701,0.1632
glass259_det_001_glass.jpg,D:\DACN\week4\crops\glass259_det_001_glass.jpg,glass,glass,0.1733,UNCERTAIN,MATCH,0.1639,0.1733,0.1677,0.1636,0.1679,0.1635
glass25_det_001_glass.jpg,D:\DACN\week4\crops\glass25_det_001_glass.jpg,glass,glass,0.1751,UNCERTAIN,MATCH,0.1595,0.1751,0.1663,0.1634,0.1713,0.1645
glass260_det_001_glass.jpg,D:\DACN\week4\crops\glass260_det_001_glass.jpg,glass,glass,0.1687,UNCERTAIN,MATCH,0.1662,0.1687,0.1642,0.1653,0.1683,0.1673
glass262_det_001_glass.jpg,D:\DACN\week4\crops\glass262_det_001_glass.jpg,glass,glass,0.1727,UNCERTAIN,MATCH,0.1653,0.1727,0.165,0.1634,0.1685,0.1651
glass263_det_001_glass.jpg,D:\DACN\week4\crops\glass263_det_001_glass.jpg,glass,glass,0.171,UNCERTAIN,MATCH,0.1645,0.171,0.164,0.1652,0.1687,0.1666
glass264_det_001_glass.jpg,D:\DACN\week4\crops\glass264_det_001_glass.jpg,glass,glass,0.1712,UNCERTAIN,MATCH,0.1637,0.1712,0.1644,0.1648,0.1693,0.1667
glass265_det_001_glass.jpg,D:\DACN\week4\crops\glass265_det_001_glass.jpg,glass,glass,0.1731,UNCERTAIN,MATCH,0.1608,0.1731,0.1648,0.1652,0.171,0.1651
glass266_det_001_glass.jpg,D:\DACN\week4\crops\glass266_det_001_glass.jpg,glass,glass,0.1717,UNCERTAIN,MATCH,0.1634,0.1717,0.1638,0.1634,0.1709,0.1667
glass268_det_001_glass.jpg,D:\DACN\week4\crops\glass268_det_001_glass.jpg,glass,glass,0.1723,UNCERTAIN,MATCH,0.163,0.1723,0.1651,0.1645,0.1703,0.1649
glass269_det_001_glass.jpg,D:\DACN\week4\crops\glass269_det_001_glass.jpg,glass,glass,0.172,UNCERTAIN,MATCH,0.163,0.172,0.1657,0.1648,0.1708,0.1637
glass26_det_001_glass.jpg,D:\DACN\week4\crops\glass26_det_001_glass.jpg,glass,glass,0.1695,UNCERTAIN,MATCH,0.1669,0.1695,0.1646,0.164,0.1694,0.1656
glass270_det_001_glass.jpg,D:\DACN\week4\crops\glass270_det_001_glass.jpg,glass,plastic,0.1701,UNCERTAIN,MISMATCH,0.1619,0.1684,0.1692,0.1653,0.1701,0.1651
glass271_det_001_glass.jpg,D:\DACN\week4\crops\glass271_det_001_glass.jpg,glass,glass,0.1712,UNCERTAIN,MATCH,0.1653,0.1712,0.1677,0.1633,0.1674,0.1651
glass272_det_001_glass.jpg,D:\DACN\week4\crops\glass272_det_001_glass.jpg,glass,glass,0.1697,UNCERTAIN,MATCH,0.1655,0.1697,0.1656,0.1652,0.168,0.166
glass273_det_001_glass.jpg,D:\DACN\week4\crops\glass273_det_001_glass.jpg,glass,glass,0.1704,UNCERTAIN,MATCH,0.1653,0.1704,0.1669,0.1645,0.168,0.1648
glass274_det_001_glass.jpg,D:\DACN\week4\crops\glass274_det_001_glass.jpg,glass,glass,0.1754,UNCERTAIN,MATCH,0.1587,0.1754,0.168,0.1627,0.1707,0.1644
glass276_det_001_glass.jpg,D:\DACN\week4\crops\glass276_det_001_glass.jpg,glass,glass,0.1745,UNCERTAIN,MATCH,0.1595,0.1745,0.1692,0.1637,0.1701,0.163
glass277_det_001_glass.jpg,D:\DACN\week4\crops\glass277_det_001_glass.jpg,glass,glass,0.1724,UNCERTAIN,MATCH,0.163,0.1724,0.1654,0.1649,0.1708,0.1635
glass278_det_001_metal.jpg,D:\DACN\week4\crops\glass278_det_001_metal.jpg,metal,glass,0.171,UNCERTAIN,MISMATCH,0.1644,0.171,0.1632,0.1651,0.1691,0.1673
glass279_det_001_glass.jpg,D:\DACN\week4\crops\glass279_det_001_glass.jpg,glass,glass,0.1756,UNCERTAIN,MATCH,0.1596,0.1756,0.1666,0.1646,0.1715,0.1621
glass27_det_001_glass.jpg,D:\DACN\week4\crops\glass27_det_001_glass.jpg,glass,glass,0.1725,UNCERTAIN,MATCH,0.1614,0.1725,0.1671,0.1628,0.1683,0.168
glass280_det_001_glass.jpg,D:\DACN\week4\crops\glass280_det_001_glass.jpg,glass,glass,0.1752,UNCERTAIN,MATCH,0.1597,0.1752,0.1665,0.1638,0.1715,0.1633
glass281_det_001_glass.jpg,D:\DACN\week4\crops\glass281_det_001_glass.jpg,glass,glass,0.1764,UNCERTAIN,MATCH,0.1583,0.1764,0.1659,0.1646,0.1715,0.1634
glass283_det_001_glass.jpg,D:\DACN\week4\crops\glass283_det_001_glass.jpg,glass,metal,0.1694,UNCERTAIN,MISMATCH,0.1637,0.1689,0.1694,0.1648,0.1669,0.1664
glass284_det_001_glass.jpg,D:\DACN\week4\crops\glass284_det_001_glass.jpg,glass,plastic,0.1713,UNCERTAIN,MISMATCH,0.1627,0.17,0.1645,0.1675,0.1713,0.164
glass285_det_001_glass.jpg,D:\DACN\week4\crops\glass285_det_001_glass.jpg,glass,glass,0.1721,UNCERTAIN,MATCH,0.164,0.1721,0.1701,0.1622,0.1675,0.1641
glass286_det_001_glass.jpg,D:\DACN\week4\crops\glass286_det_001_glass.jpg,glass,glass,0.1717,UNCERTAIN,MATCH,0.1653,0.1717,0.166,0.1632,0.1681,0.1657
glass287_det_001_glass.jpg,D:\DACN\week4\crops\glass287_det_001_glass.jpg,glass,glass,0.1752,UNCERTAIN,MATCH,0.1589,0.1752,0.1659,0.164,0.1728,0.1632
glass288_det_001_glass.jpg,D:\DACN\week4\crops\glass288_det_001_glass.jpg,glass,glass,0.1703,UNCERTAIN,MATCH,0.1632,0.1703,0.168,0.1634,0.1687,0.1662
glass289_det_001_glass.jpg,D:\DACN\week4\crops\glass289_det_001_glass.jpg,glass,glass,0.175,UNCERTAIN,MATCH,0.1591,0.175,0.1676,0.162,0.1706,0.1657
glass28_det_001_glass.jpg,D:\DACN\week4\crops\glass28_det_001_glass.jpg,glass,glass,0.1719,UNCERTAIN,MATCH,0.1636,0.1719,0.1676,0.1651,0.1678,0.164
glass291_det_001_glass.jpg,D:\DACN\week4\crops\glass291_det_001_glass.jpg,glass,glass,0.1718,UNCERTAIN,MATCH,0.1651,0.1718,0.1644,0.1641,0.1694,0.1651
glass292_det_001_glass.jpg,D:\DACN\week4\crops\glass292_det_001_glass.jpg,glass,glass,0.1721,UNCERTAIN,MATCH,0.1648,0.1721,0.1657,0.163,0.1694,0.165
glass294_det_001_glass.jpg,D:\DACN\week4\crops\glass294_det_001_glass.jpg,glass,glass,0.1726,UNCERTAIN,MATCH,0.1634,0.1726,0.1687,0.164,0.1674,0.164
glass297_det_001_glass.jpg,D:\DACN\week4\crops\glass297_det_001_glass.jpg,glass,glass,0.1746,UNCERTAIN,MATCH,0.1592,0.1746,0.1664,0.1632,0.1708,0.1658
glass298_det_001_glass.jpg,D:\DACN\week4\crops\glass298_det_001_glass.jpg,glass,glass,0.1727,UNCERTAIN,MATCH,0.1638,0.1727,0.169,0.1614,0.1682,0.1649
glass299_det_001_glass.jpg,D:\DACN\week4\crops\glass299_det_001_glass.jpg,glass,plastic,0.1685,UNCERTAIN,MISMATCH,0.1659,0.1674,0.1677,0.1638,0.1685,0.1667
glass29_det_001_glass.jpg,D:\DACN\week4\crops\glass29_det_001_glass.jpg,glass,glass,0.1724,UNCERTAIN,MATCH,0.1639,0.1724,0.1651,0.1642,0.1698,0.1646
glass2_det_001_glass.jpg,D:\DACN\week4\crops\glass2_det_001_glass.jpg,glass,glass,0.1751,UNCERTAIN,MATCH,0.1591,0.1751,0.1661,0.1637,0.1723,0.1637
glass300_det_001_glass.jpg,D:\DACN\week4\crops\glass300_det_001_glass.jpg,glass,glass,0.1708,UNCERTAIN,MATCH,0.1653,0.1708,0.1668,0.1627,0.1682,0.1663
glass301_det_001_glass.jpg,D:\DACN\week4\crops\glass301_det_001_glass.jpg,glass,glass,0.1681,UNCERTAIN,MATCH,0.1668,0.1681,0.1678,0.1655,0.1659,0.1659
glass302_det_001_glass.jpg,D:\DACN\week4\crops\glass302_det_001_glass.jpg,glass,glass,0.1754,UNCERTAIN,MATCH,0.1587,0.1754,0.1666,0.1622,0.1715,0.1656
glass304_det_001_glass.jpg,D:\DACN\week4\crops\glass304_det_001_glass.jpg,glass,glass,0.1751,UNCERTAIN,MATCH,0.1595,0.1751,0.1709,0.1629,0.1684,0.1632
glass305_det_001_glass.jpg,D:\DACN\week4\crops\glass305_det_001_glass.jpg,glass,glass,0.1771,UNCERTAIN,MATCH,0.1585,0.1771,0.1672,0.1633,0.1712,0.1627
glass306_det_001_glass.jpg,D:\DACN\week4\crops\glass306_det_001_glass.jpg,glass,glass,0.1727,UNCERTAIN,MATCH,0.1622,0.1727,0.1678,0.1622,0.1707,0.1644
glass308_det_001_glass.jpg,D:\DACN\week4\crops\glass308_det_001_glass.jpg,glass,glass,0.1721,UNCERTAIN,MATCH,0.1624,0.1721,0.1656,0.1626,0.171,0.1664
glass309_det_001_glass.jpg,D:\DACN\week4\crops\glass309_det_001_glass.jpg,glass,glass,0.175,UNCERTAIN,MATCH,0.1597,0.175,0.1687,0.163,0.1694,0.1642
glass30_det_001_glass.jpg,D:\DACN\week4\crops\glass30_det_001_glass.jpg,glass,glass,0.1752,UNCERTAIN,MATCH,0.1614,0.1752,0.1649,0.1612,0.1724,0.1649
glass310_det_001_glass.jpg,D:\DACN\week4\crops\glass310_det_001_glass.jpg,glass,glass,0.176,UNCERTAIN,MATCH,0.1594,0.176,0.167,0.1635,0.1713,0.1628
glass312_det_001_glass.jpg,D:\DACN\week4\crops\glass312_det_001_glass.jpg,glass,glass,0.176,UNCERTAIN,MATCH,0.1594,0.176,0.1658,0.1649,0.1713,0.1627
glass314_det_001_glass.jpg,D:\DACN\week4\crops\glass314_det_001_glass.jpg,glass,glass,0.1723,UNCERTAIN,MATCH,0.1644,0.1723,0.1698,0.1631,0.1666,0.1638
glass315_det_001_glass.jpg,D:\DACN\week4\crops\glass315_det_001_glass.jpg,glass,glass,0.1755,UNCERTAIN,MATCH,0.1592,0.1755,0.1679,0.1626,0.1704,0.1643
glass317_det_001_glass.jpg,D:\DACN\week4\crops\glass317_det_001_glass.jpg,glass,glass,0.1714,UNCERTAIN,MATCH,0.1656,0.1714,0.1658,0.163,0.169,0.1651
glass318_det_001_glass.jpg,D:\DACN\week4\crops\glass318_det_001_glass.jpg,glass,glass,0.1731,UNCERTAIN,MATCH,0.1615,0.1731,0.1674,0.1637,0.1701,0.1641
glass31_det_001_glass.jpg,D:\DACN\week4\crops\glass31_det_001_glass.jpg,glass,glass,0.1737,UNCERTAIN,MATCH,0.1602,0.1737,0.166,0.1652,0.1697,0.1652
glass320_det_001_glass.jpg,D:\DACN\week4\crops\glass320_det_001_glass.jpg,glass,glass,0.172,UNCERTAIN,MATCH,0.1638,0.172,0.167,0.1624,0.1702,0.1645
glass321_det_001_glass.jpg,D:\DACN\week4\crops\glass321_det_001_glass.jpg,glass,glass,0.1698,UNCERTAIN,MATCH,0.1665,0.1698,0.1654,0.1645,0.1684,0.1655
glass323_det_001_glass.jpg,D:\DACN\week4\crops\glass323_det_001_glass.jpg,glass,plastic,0.1699,UNCERTAIN,MISMATCH,0.1639,0.1699,0.1659,0.1638,0.1699,0.1666
glass324_det_001_glass.jpg,D:\DACN\week4\crops\glass324_det_001_glass.jpg,glass,glass,0.1748,UNCERTAIN,MATCH,0.1594,0.1748,0.1654,0.1628,0.1718,0.1657
glass327_det_001_glass.jpg,D:\DACN\week4\crops\glass327_det_001_glass.jpg,glass,glass,0.1754,UNCERTAIN,MATCH,0.1604,0.1754,0.1668,0.1651,0.1705,0.1618
glass328_det_001_glass.jpg,D:\DACN\week4\crops\glass328_det_001_glass.jpg,glass,glass,0.1717,UNCERTAIN,MATCH,0.1655,0.1717,0.1659,0.1661,0.1697,0.1611
glass329_det_001_glass.jpg,D:\DACN\week4\crops\glass329_det_001_glass.jpg,glass,glass,0.1692,UNCERTAIN,MATCH,0.1659,0.1692,0.1659,0.1643,0.1679,0.1668
glass330_det_001_glass.jpg,D:\DACN\week4\crops\glass330_det_001_glass.jpg,glass,glass,0.1705,UNCERTAIN,MATCH,0.1662,0.1705,0.1663,0.1632,0.1694,0.1645
glass331_det_001_glass.jpg,D:\DACN\week4\crops\glass331_det_001_glass.jpg,glass,glass,0.1758,UNCERTAIN,MATCH,0.1587,0.1758,0.1666,0.161,0.1721,0.1658
glass332_det_001_glass.jpg,D:\DACN\week4\crops\glass332_det_001_glass.jpg,glass,glass,0.1701,UNCERTAIN,MATCH,0.1676,0.1701,0.165,0.1628,0.1691,0.1654
glass333_det_001_glass.jpg,D:\DACN\week4\crops\glass333_det_001_glass.jpg,glass,glass,0.1716,UNCERTAIN,MATCH,0.1638,0.1716,0.1687,0.1625,0.1689,0.1645
glass334_det_001_glass.jpg,D:\DACN\week4\crops\glass334_det_001_glass.jpg,glass,plastic,0.1707,UNCERTAIN,MISMATCH,0.1636,0.1702,0.1636,0.1652,0.1707,0.1666
glass335_det_001_glass.jpg,D:\DACN\week4\crops\glass335_det_001_glass.jpg,glass,glass,0.1721,UNCERTAIN,MATCH,0.1602,0.1721,0.1696,0.1643,0.1684,0.1653
glass336_det_001_glass.jpg,D:\DACN\week4\crops\glass336_det_001_glass.jpg,glass,glass,0.1724,UNCERTAIN,MATCH,0.1613,0.1724,0.1662,0.163,0.1712,0.1659
glass337_det_001_glass.jpg,D:\DACN\week4\crops\glass337_det_001_glass.jpg,glass,glass,0.1733,UNCERTAIN,MATCH,0.1627,0.1733,0.1665,0.1633,0.1701,0.1643
glass338_det_001_glass.jpg,D:\DACN\week4\crops\glass338_det_001_glass.jpg,glass,glass,0.172,UNCERTAIN,MATCH,0.1614,0.172,0.1687,0.162,0.1701,0.1658
glass339_det_001_glass.jpg,D:\DACN\week4\crops\glass339_det_001_glass.jpg,glass,glass,0.1716,UNCERTAIN,MATCH,0.1633,0.1716,0.1683,0.1631,0.1691,0.1647
glass33_det_001_glass.jpg,D:\DACN\week4\crops\glass33_det_001_glass.jpg,glass,glass,0.1731,UNCERTAIN,MATCH,0.1649,0.1731,0.1652,0.163,0.1684,0.1655
glass340_det_001_glass.jpg,D:\DACN\week4\crops\glass340_det_001_glass.jpg,glass,glass,0.1713,UNCERTAIN,MATCH,0.1628,0.1713,0.1659,0.1635,0.1696,0.1669
glass341_det_001_glass.jpg,D:\DACN\week4\crops\glass341_det_001_glass.jpg,glass,glass,0.1737,UNCERTAIN,MATCH,0.1602,0.1737,0.1655,0.1647,0.1709,0.1651
glass343_det_001_glass.jpg,D:\DACN\week4\crops\glass343_det_001_glass.jpg,glass,glass,0.1728,UNCERTAIN,MATCH,0.1618,0.1728,0.1686,0.1652,0.1682,0.1635
glass345_det_001_glass.jpg,D:\DACN\week4\crops\glass345_det_001_glass.jpg,glass,glass,0.1732,UNCERTAIN,MATCH,0.1632,0.1732,0.1664,0.1623,0.1694,0.1655
glass346_det_001_glass.jpg,D:\DACN\week4\crops\glass346_det_001_glass.jpg,glass,glass,0.1735,UNCERTAIN,MATCH,0.1618,0.1735,0.1661,0.1659,0.1696,0.163
glass347_det_001_glass.jpg,D:\DACN\week4\crops\glass347_det_001_glass.jpg,glass,glass,0.1753,UNCERTAIN,MATCH,0.159,0.1753,0.1667,0.1637,0.1706,0.1648
glass349_det_001_glass.jpg,D:\DACN\week4\crops\glass349_det_001_glass.jpg,glass,metal,0.1714,UNCERTAIN,MISMATCH,0.163,0.1702,0.1714,0.1649,0.1661,0.1644
glass34_det_001_glass.jpg,D:\DACN\week4\crops\glass34_det_001_glass.jpg,glass,glass,0.1756,UNCERTAIN,MATCH,0.1602,0.1756,0.1664,0.1614,0.1715,0.1649
glass350_det_001_glass.jpg,D:\DACN\week4\crops\glass350_det_001_glass.jpg,glass,glass,0.1744,UNCERTAIN,MATCH,0.1605,0.1744,0.1691,0.1636,0.1699,0.1625
glass352_det_001_glass.jpg,D:\DACN\week4\crops\glass352_det_001_glass.jpg,glass,glass,0.1742,UNCERTAIN,MATCH,0.1602,0.1742,0.1658,0.163,0.1706,0.1661
glass353_det_001_glass.jpg,D:\DACN\week4\crops\glass353_det_001_glass.jpg,glass,glass,0.1729,UNCERTAIN,MATCH,0.1619,0.1729,0.1669,0.1635,0.1696,0.1652
glass354_det_001_glass.jpg,D:\DACN\week4\crops\glass354_det_001_glass.jpg,glass,glass,0.1721,UNCERTAIN,MATCH,0.1624,0.1721,0.1645,0.1655,0.171,0.1644
glass355_det_001_glass.jpg,D:\DACN\week4\crops\glass355_det_001_glass.jpg,glass,glass,0.1747,UNCERTAIN,MATCH,0.1631,0.1747,0.1666,0.1615,0.1695,0.1645
glass356_det_001_glass.jpg,D:\DACN\week4\crops\glass356_det_001_glass.jpg,glass,glass,0.1743,UNCERTAIN,MATCH,0.1592,0.1743,0.1671,0.1634,0.17,0.166
glass357_det_001_glass.jpg,D:\DACN\week4\crops\glass357_det_001_glass.jpg,glass,glass,0.1769,UNCERTAIN,MATCH,0.1598,0.1769,0.1659,0.1646,0.1699,0.1629
glass35_det_001_glass.jpg,D:\DACN\week4\crops\glass35_det_001_glass.jpg,glass,glass,0.1758,UNCERTAIN,MATCH,0.159,0.1758,0.166,0.1617,0.1716,0.1659
glass360_det_001_glass.jpg,D:\DACN\week4\crops\glass360_det_001_glass.jpg,glass,metal,0.1693,UNCERTAIN,MISMATCH,0.164,0.1664,0.1693,0.1664,0.167,0.1668
glass361_det_001_glass.jpg,D:\DACN\week4\crops\glass361_det_001_glass.jpg,glass,glass,0.1719,UNCERTAIN,MATCH,0.1635,0.1719,0.1671,0.1632,0.1677,0.1667
glass362_det_001_glass.jpg,D:\DACN\week4\crops\glass362_det_001_glass.jpg,glass,glass,0.1752,UNCERTAIN,MATCH,0.1601,0.1752,0.168,0.1617,0.1716,0.1634
glass363_det_001_glass.jpg,D:\DACN\week4\crops\glass363_det_001_glass.jpg,glass,glass,0.1743,UNCERTAIN,MATCH,0.1629,0.1743,0.1673,0.1624,0.1691,0.164
glass364_det_001_glass.jpg,D:\DACN\week4\crops\glass364_det_001_glass.jpg,glass,glass,0.1728,UNCERTAIN,MATCH,0.161,0.1728,0.166,0.1676,0.1682,0.1644
glass365_det_001_glass.jpg,D:\DACN\week4\crops\glass365_det_001_glass.jpg,glass,glass,0.1715,UNCERTAIN,MATCH,0.1635,0.1715,0.1692,0.1629,0.1681,0.1648
glass366_det_001_glass.jpg,D:\DACN\week4\crops\glass366_det_001_glass.jpg,glass,glass,0.1713,UNCERTAIN,MATCH,0.1644,0.1713,0.1642,0.1642,0.1703,0.1657
glass367_det_001_glass.jpg,D:\DACN\week4\crops\glass367_det_001_glass.jpg,glass,glass,0.17,UNCERTAIN,MATCH,0.1657,0.17,0.1658,0.1646,0.169,0.1649
glass368_det_001_glass.jpg,D:\DACN\week4\crops\glass368_det_001_glass.jpg,glass,glass,0.1732,UNCERTAIN,MATCH,0.1642,0.1732,0.1678,0.1626,0.1693,0.163
glass369_det_001_glass.jpg,D:\DACN\week4\crops\glass369_det_001_glass.jpg,glass,glass,0.1733,UNCERTAIN,MATCH,0.164,0.1733,0.1649,0.1637,0.1701,0.1639
glass371_det_001_glass.jpg,D:\DACN\week4\crops\glass371_det_001_glass.jpg,glass,glass,0.1706,UNCERTAIN,MATCH,0.1669,0.1706,0.1654,0.1644,0.1678,0.1649
glass372_det_001_glass.jpg,D:\DACN\week4\crops\glass372_det_001_glass.jpg,glass,glass,0.1726,UNCERTAIN,MATCH,0.1653,0.1726,0.1668,0.1632,0.1668,0.1651
glass373_det_001_glass.jpg,D:\DACN\week4\crops\glass373_det_001_glass.jpg,glass,glass,0.171,UNCERTAIN,MATCH,0.1635,0.171,0.168,0.1632,0.1686,0.1657
glass375_det_001_glass.jpg,D:\DACN\week4\crops\glass375_det_001_glass.jpg,glass,glass,0.1685,UNCERTAIN,MATCH,0.1648,0.1685,0.1684,0.1659,0.1676,0.1648
glass376_det_001_glass.jpg,D:\DACN\week4\crops\glass376_det_001_glass.jpg,glass,glass,0.1733,UNCERTAIN,MATCH,0.1617,0.1733,0.1642,0.1629,0.1713,0.1666
glass377_det_001_glass.jpg,D:\DACN\week4\crops\glass377_det_001_glass.jpg,glass,glass,0.1736,UNCERTAIN,MATCH,0.1609,0.1736,0.1676,0.1625,0.1708,0.1645
glass379_det_001_glass.jpg,D:\DACN\week4\crops\glass379_det_001_glass.jpg,glass,glass,0.1738,UNCERTAIN,MATCH,0.1629,0.1738,0.1664,0.1617,0.1704,0.1649
glass380_det_001_glass.jpg,D:\DACN\week4\crops\glass380_det_001_glass.jpg,glass,glass,0.1722,UNCERTAIN,MATCH,0.1598,0.1722,0.1677,0.1639,0.1705,0.1659
glass381_det_001_glass.jpg,D:\DACN\week4\crops\glass381_det_001_glass.jpg,glass,glass,0.1736,UNCERTAIN,MATCH,0.1631,0.1736,0.1677,0.1615,0.169,0.1651
glass382_det_001_glass.jpg,D:\DACN\week4\crops\glass382_det_001_glass.jpg,glass,glass,0.1703,UNCERTAIN,MATCH,0.163,0.1703,0.1659,0.1645,0.169,0.1673
glass384_det_001_glass.jpg,D:\DACN\week4\crops\glass384_det_001_glass.jpg,glass,glass,0.1711,UNCERTAIN,MATCH,0.1654,0.1711,0.165,0.1644,0.1685,0.1656
glass385_det_001_glass.jpg,D:\DACN\week4\crops\glass385_det_001_glass.jpg,glass,glass,0.1699,UNCERTAIN,MATCH,0.1657,0.1699,0.1682,0.1645,0.1673,0.1644
glass387_det_001_glass.jpg,D:\DACN\week4\crops\glass387_det_001_glass.jpg,glass,glass,0.1724,UNCERTAIN,MATCH,0.1622,0.1724,0.165,0.1651,0.1697,0.1655
glass388_det_001_glass.jpg,D:\DACN\week4\crops\glass388_det_001_glass.jpg,glass,glass,0.1725,UNCERTAIN,MATCH,0.1606,0.1725,0.1659,0.1656,0.1724,0.1631
glass389_det_001_glass.jpg,D:\DACN\week4\crops\glass389_det_001_glass.jpg,glass,glass,0.1747,UNCERTAIN,MATCH,0.159,0.1747,0.1654,0.1655,0.1715,0.1638
glass38_det_001_glass.jpg,D:\DACN\week4\crops\glass38_det_001_glass.jpg,glass,glass,0.1727,UNCERTAIN,MATCH,0.1602,0.1727,0.1706,0.1619,0.1687,0.1658
glass390_det_001_glass.jpg,D:\DACN\week4\crops\glass390_det_001_glass.jpg,glass,glass,0.1729,UNCERTAIN,MATCH,0.163,0.1729,0.1702,0.1629,0.1666,0.1644
glass391_det_001_glass.jpg,D:\DACN\week4\crops\glass391_det_001_glass.jpg,glass,glass,0.174,UNCERTAIN,MATCH,0.1643,0.174,0.166,0.1629,0.167,0.1658
glass393_det_001_glass.jpg,D:\DACN\week4\crops\glass393_det_001_glass.jpg,glass,glass,0.1737,UNCERTAIN,MATCH,0.1613,0.1737,0.1662,0.1622,0.1704,0.1662
glass394_det_001_glass.jpg,D:\DACN\week4\crops\glass394_det_001_glass.jpg,glass,glass,0.1701,UNCERTAIN,MATCH,0.1667,0.1701,0.167,0.1632,0.168,0.165
glass395_det_001_glass.jpg,D:\DACN\week4\crops\glass395_det_001_glass.jpg,glass,glass,0.1724,UNCERTAIN,MATCH,0.164,0.1724,0.166,0.1633,0.1699,0.1644
glass396_det_001_glass.jpg,D:\DACN\week4\crops\glass396_det_001_glass.jpg,glass,glass,0.1733,UNCERTAIN,MATCH,0.1609,0.1733,0.167,0.1637,0.1701,0.165
glass397_det_001_glass.jpg,D:\DACN\week4\crops\glass397_det_001_glass.jpg,glass,glass,0.1717,UNCERTAIN,MATCH,0.1661,0.1717,0.1653,0.1641,0.168,0.1648
glass398_det_001_glass.jpg,D:\DACN\week4\crops\glass398_det_001_glass.jpg,glass,glass,0.175,UNCERTAIN,MATCH,0.1592,0.175,0.1669,0.1629,0.1706,0.1654
glass39_det_001_glass.jpg,D:\DACN\week4\crops\glass39_det_001_glass.jpg,glass,glass,0.1761,UNCERTAIN,MATCH,0.1599,0.1761,0.1648,0.1626,0.1728,0.1638
glass3_det_001_glass.jpg,D:\DACN\week4\crops\glass3_det_001_glass.jpg,glass,glass,0.1749,UNCERTAIN,MATCH,0.1607,0.1749,0.1653,0.1645,0.1703,0.1643
glass401_det_001_glass.jpg,D:\DACN\week4\crops\glass401_det_001_glass.jpg,glass,glass,0.171,UNCERTAIN,MATCH,0.1675,0.171,0.1639,0.1643,0.1678,0.1656
glass402_det_001_glass.jpg,D:\DACN\week4\crops\glass402_det_001_glass.jpg,glass,glass,0.1702,UNCERTAIN,MATCH,0.1633,0.1702,0.1659,0.1666,0.1685,0.1655
glass403_det_001_glass.jpg,D:\DACN\week4\crops\glass403_det_001_glass.jpg,glass,glass,0.1757,UNCERTAIN,MATCH,0.1583,0.1757,0.1675,0.1633,0.1706,0.1646
glass406_det_001_glass.jpg,D:\DACN\week4\crops\glass406_det_001_glass.jpg,glass,glass,0.1725,UNCERTAIN,MATCH,0.1651,0.1725,0.1641,0.1621,0.17,0.1661
glass408_det_001_glass.jpg,D:\DACN\week4\crops\glass408_det_001_glass.jpg,glass,glass,0.1733,UNCERTAIN,MATCH,0.1615,0.1733,0.1666,0.1629,0.1706,0.165
glass40_det_001_glass.jpg,D:\DACN\week4\crops\glass40_det_001_glass.jpg,glass,glass,0.1691,UNCERTAIN,MATCH,0.1673,0.1691,0.1654,0.1655,0.1666,0.1662
glass410_det_001_glass.jpg,D:\DACN\week4\crops\glass410_det_001_glass.jpg,glass,glass,0.1729,UNCERTAIN,MATCH,0.1615,0.1729,0.1685,0.1637,0.17,0.1634
glass411_det_001_glass.jpg,D:\DACN\week4\crops\glass411_det_001_glass.jpg,glass,glass,0.1728,UNCERTAIN,MATCH,0.1629,0.1728,0.1664,0.1634,0.17,0.1645
glass413_det_001_glass.jpg,D:\DACN\week4\crops\glass413_det_001_glass.jpg,glass,glass,0.1707,UNCERTAIN,MATCH,0.1625,0.1707,0.1671,0.1645,0.1704,0.1648
glass414_det_001_glass.jpg,D:\DACN\week4\crops\glass414_det_001_glass.jpg,glass,glass,0.175,UNCERTAIN,MATCH,0.1598,0.175,0.1668,0.163,0.1701,0.1652
glass415_det_001_glass.jpg,D:\DACN\week4\crops\glass415_det_001_glass.jpg,glass,glass,0.169,UNCERTAIN,MATCH,0.168,0.169,0.1666,0.1627,0.167,0.1668
glass416_det_001_glass.jpg,D:\DACN\week4\crops\glass416_det_001_glass.jpg,glass,glass,0.1709,UNCERTAIN,MATCH,0.1618,0.1709,0.1697,0.1627,0.1698,0.1651
glass417_det_001_glass.jpg,D:\DACN\week4\crops\glass417_det_001_glass.jpg,glass,glass,0.1697,UNCERTAIN,MATCH,0.1668,0.1697,0.1667,0.1635,0.1664,0.1668
glass419_det_001_glass.jpg,D:\DACN\week4\crops\glass419_det_001_glass.jpg,glass,glass,0.1744,UNCERTAIN,MATCH,0.1599,0.1744,0.1669,0.1639,0.1705,0.1644
glass41_det_001_glass.jpg,D:\DACN\week4\crops\glass41_det_001_glass.jpg,glass,glass,0.175,UNCERTAIN,MATCH,0.1609,0.175,0.1664,0.1638,0.17,0.164
glass421_det_001_glass.jpg,D:\DACN\week4\crops\glass421_det_001_glass.jpg,glass,glass,0.1745,UNCERTAIN,MATCH,0.1631,0.1745,0.1689,0.1634,0.1666,0.1636
glass422_det_001_glass.jpg,D:\DACN\week4\crops\glass422_det_001_glass.jpg,glass,glass,0.1757,UNCERTAIN,MATCH,0.1604,0.1757,0.1668,0.1633,0.1696,0.1642
glass424_det_001_glass.jpg,D:\DACN\week4\crops\glass424_det_001_glass.jpg,glass,glass,0.171,UNCERTAIN,MATCH,0.1651,0.171,0.1661,0.1634,0.1689,0.1656
glass426_det_001_glass.jpg,D:\DACN\week4\crops\glass426_det_001_glass.jpg,glass,glass,0.1719,UNCERTAIN,MATCH,0.1636,0.1719,0.1648,0.1647,0.1706,0.1644
glass427_det_001_glass.jpg,D:\DACN\week4\crops\glass427_det_001_glass.jpg,glass,glass,0.1748,UNCERTAIN,MATCH,0.1603,0.1748,0.1647,0.1658,0.1704,0.1639
glass428_det_001_glass.jpg,D:\DACN\week4\crops\glass428_det_001_glass.jpg,glass,glass,0.1731,UNCERTAIN,MATCH,0.16,0.1731,0.1658,0.163,0.1708,0.1674
glass429_det_001_glass.jpg,D:\DACN\week4\crops\glass429_det_001_glass.jpg,glass,glass,0.1713,UNCERTAIN,MATCH,0.1657,0.1713,0.165,0.1652,0.1685,0.1644
glass42_det_001_glass.jpg,D:\DACN\week4\crops\glass42_det_001_glass.jpg,glass,glass,0.1744,UNCERTAIN,MATCH,0.1596,0.1744,0.167,0.164,0.1697,0.1653
glass430_det_001_glass.jpg,D:\DACN\week4\crops\glass430_det_001_glass.jpg,glass,glass,0.1702,UNCERTAIN,MATCH,0.1664,0.1702,0.1647,0.1649,0.1671,0.1668
glass431_det_001_glass.jpg,D:\DACN\week4\crops\glass431_det_001_glass.jpg,glass,glass,0.1743,UNCERTAIN,MATCH,0.1616,0.1743,0.1651,0.1671,0.1702,0.1617
glass433_det_001_glass.jpg,D:\DACN\week4\crops\glass433_det_001_glass.jpg,glass,glass,0.1706,UNCERTAIN,MATCH,0.1667,0.1706,0.166,0.1644,0.1671,0.1652
glass434_det_001_glass.jpg,D:\DACN\week4\crops\glass434_det_001_glass.jpg,glass,glass,0.1721,UNCERTAIN,MATCH,0.1648,0.1721,0.1652,0.1661,0.1686,0.1633
glass436_det_001_glass.jpg,D:\DACN\week4\crops\glass436_det_001_glass.jpg,glass,glass,0.1764,UNCERTAIN,MATCH,0.1598,0.1764,0.1663,0.1625,0.1716,0.1634
glass438_det_001_glass.jpg,D:\DACN\week4\crops\glass438_det_001_glass.jpg,glass,plastic,0.1707,UNCERTAIN,MISMATCH,0.1652,0.1673,0.164,0.1656,0.1707,0.1672
glass439_det_001_glass.jpg,D:\DACN\week4\crops\glass439_det_001_glass.jpg,glass,glass,0.1751,UNCERTAIN,MATCH,0.1597,0.1751,0.1655,0.164,0.1719,0.1638
glass43_det_001_glass.jpg,D:\DACN\week4\crops\glass43_det_001_glass.jpg,glass,glass,0.1749,UNCERTAIN,MATCH,0.1599,0.1749,0.1677,0.1644,0.1711,0.162
glass440_det_001_glass.jpg,D:\DACN\week4\crops\glass440_det_001_glass.jpg,glass,glass,0.1733,UNCERTAIN,MATCH,0.1602,0.1733,0.1666,0.1638,0.1696,0.1666
glass442_det_001_glass.jpg,D:\DACN\week4\crops\glass442_det_001_glass.jpg,glass,glass,0.1733,UNCERTAIN,MATCH,0.1636,0.1733,0.1665,0.1631,0.1688,0.1646
glass443_det_001_glass.jpg,D:\DACN\week4\crops\glass443_det_001_glass.jpg,glass,glass,0.1716,UNCERTAIN,MATCH,0.1615,0.1716,0.1713,0.1612,0.1681,0.1663
glass444_det_001_glass.jpg,D:\DACN\week4\crops\glass444_det_001_glass.jpg,glass,metal,0.171,UNCERTAIN,MISMATCH,0.1616,0.1706,0.171,0.1631,0.1673,0.1665
glass445_det_001_glass.jpg,D:\DACN\week4\crops\glass445_det_001_glass.jpg,glass,trash,0.1681,UNCERTAIN,MISMATCH,0.1672,0.168,0.1651,0.165,0.1665,0.1681
glass446_det_001_glass.jpg,D:\DACN\week4\crops\glass446_det_001_glass.jpg,glass,glass,0.1714,UNCERTAIN,MATCH,0.1629,0.1714,0.1662,0.1634,0.1708,0.1652
glass44_det_001_glass.jpg,D:\DACN\week4\crops\glass44_det_001_glass.jpg,glass,glass,0.1721,UNCERTAIN,MATCH,0.1629,0.1721,0.1681,0.1642,0.1694,0.1633
glass451_det_001_glass.jpg,D:\DACN\week4\crops\glass451_det_001_glass.jpg,glass,glass,0.171,UNCERTAIN,MATCH,0.1649,0.171,0.1646,0.1637,0.1697,0.166
glass452_det_001_glass.jpg,D:\DACN\week4\crops\glass452_det_001_glass.jpg,glass,glass,0.1731,UNCERTAIN,MATCH,0.1627,0.1731,0.167,0.1634,0.1695,0.1644
glass453_det_001_glass.jpg,D:\DACN\week4\crops\glass453_det_001_glass.jpg,glass,glass,0.1738,UNCERTAIN,MATCH,0.1605,0.1738,0.1699,0.1619,0.1698,0.164
glass454_det_001_glass.jpg,D:\DACN\week4\crops\glass454_det_001_glass.jpg,glass,glass,0.1728,UNCERTAIN,MATCH,0.1611,0.1728,0.169,0.1624,0.1675,0.1671
glass455_det_001_glass.jpg,D:\DACN\week4\crops\glass455_det_001_glass.jpg,glass,glass,0.174,UNCERTAIN,MATCH,0.1602,0.174,0.1653,0.1653,0.1696,0.1655
glass456_det_001_glass.jpg,D:\DACN\week4\crops\glass456_det_001_glass.jpg,glass,glass,0.1769,UNCERTAIN,MATCH,0.1608,0.1769,0.1659,0.1632,0.1718,0.1614
glass457_det_001_glass.jpg,D:\DACN\week4\crops\glass457_det_001_glass.jpg,glass,glass,0.1711,UNCERTAIN,MATCH,0.162,0.1711,0.1683,0.1653,0.1683,0.165
glass458_det_001_glass.jpg,D:\DACN\week4\crops\glass458_det_001_glass.jpg,glass,glass,0.1752,UNCERTAIN,MATCH,0.159,0.1752,0.1679,0.1633,0.1694,0.1651
glass459_det_001_glass.jpg,D:\DACN\week4\crops\glass459_det_001_glass.jpg,glass,glass,0.1732,UNCERTAIN,MATCH,0.1639,0.1732,0.1675,0.1624,0.1674,0.1656
glass45_det_001_glass.jpg,D:\DACN\week4\crops\glass45_det_001_glass.jpg,glass,glass,0.1712,UNCERTAIN,MATCH,0.1624,0.1712,0.1677,0.1637,0.1697,0.1652
glass461_det_001_glass.jpg,D:\DACN\week4\crops\glass461_det_001_glass.jpg,glass,glass,0.1721,UNCERTAIN,MATCH,0.1616,0.1721,0.1658,0.1646,0.1712,0.1647
glass462_det_001_glass.jpg,D:\DACN\week4\crops\glass462_det_001_glass.jpg,glass,glass,0.1744,UNCERTAIN,MATCH,0.1597,0.1744,0.1664,0.1633,0.172,0.1641
glass463_det_001_glass.jpg,D:\DACN\week4\crops\glass463_det_001_glass.jpg,glass,glass,0.1722,UNCERTAIN,MATCH,0.1623,0.1722,0.1674,0.1647,0.1687,0.1647
glass464_det_001_glass.jpg,D:\DACN\week4\crops\glass464_det_001_glass.jpg,glass,glass,0.177,UNCERTAIN,MATCH,0.16,0.177,0.1646,0.1623,0.173,0.1632
glass465_det_001_glass.jpg,D:\DACN\week4\crops\glass465_det_001_glass.jpg,glass,glass,0.175,UNCERTAIN,MATCH,0.1622,0.175,0.1659,0.1639,0.1706,0.1623
glass466_det_001_glass.jpg,D:\DACN\week4\crops\glass466_det_001_glass.jpg,glass,glass,0.1722,UNCERTAIN,MATCH,0.1624,0.1722,0.1709,0.1635,0.1666,0.1644
glass467_det_001_glass.jpg,D:\DACN\week4\crops\glass467_det_001_glass.jpg,glass,glass,0.1695,UNCERTAIN,MATCH,0.1666,0.1695,0.1669,0.164,0.1682,0.1648
glass468_det_001_glass.jpg,D:\DACN\week4\crops\glass468_det_001_glass.jpg,glass,glass,0.1736,UNCERTAIN,MATCH,0.1617,0.1736,0.1668,0.1642,0.1703,0.1635
glass470_det_001_glass.jpg,D:\DACN\week4\crops\glass470_det_001_glass.jpg,glass,glass,0.1737,UNCERTAIN,MATCH,0.1626,0.1737,0.1651,0.1635,0.1715,0.1637
glass471_det_001_glass.jpg,D:\DACN\week4\crops\glass471_det_001_glass.jpg,glass,glass,0.1724,UNCERTAIN,MATCH,0.1628,0.1724,0.1661,0.1635,0.1712,0.164
glass472_det_001_glass.jpg,D:\DACN\week4\crops\glass472_det_001_glass.jpg,glass,plastic,0.1692,UNCERTAIN,MISMATCH,0.1656,0.1672,0.1689,0.1633,0.1692,0.1657
glass473_det_001_glass.jpg,D:\DACN\week4\crops\glass473_det_001_glass.jpg,glass,glass,0.1726,UNCERTAIN,MATCH,0.1598,0.1726,0.1692,0.1637,0.1698,0.1648
glass475_det_001_glass.jpg,D:\DACN\week4\crops\glass475_det_001_glass.jpg,glass,glass,0.1758,UNCERTAIN,MATCH,0.1598,0.1758,0.1667,0.1623,0.1704,0.165
glass476_det_001_glass.jpg,D:\DACN\week4\crops\glass476_det_001_glass.jpg,glass,glass,0.1709,UNCERTAIN,MATCH,0.1641,0.1709,0.1667,0.1643,0.1686,0.1655
glass477_det_001_glass.jpg,D:\DACN\week4\crops\glass477_det_001_glass.jpg,glass,glass,0.1711,UNCERTAIN,MATCH,0.1661,0.1711,0.1669,0.1633,0.1682,0.1644
glass478_det_001_glass.jpg,D:\DACN\week4\crops\glass478_det_001_glass.jpg,glass,glass,0.1705,UNCERTAIN,MATCH,0.1669,0.1705,0.1642,0.1643,0.1689,0.1653
glass479_det_001_glass.jpg,D:\DACN\week4\crops\glass479_det_001_glass.jpg,glass,glass,0.1737,UNCERTAIN,MATCH,0.1632,0.1737,0.1648,0.164,0.1703,0.164
glass47_det_001_glass.jpg,D:\DACN\week4\crops\glass47_det_001_glass.jpg,glass,glass,0.172,UNCERTAIN,MATCH,0.165,0.172,0.1668,0.1635,0.168,0.1647
glass481_det_001_glass.jpg,D:\DACN\week4\crops\glass481_det_001_glass.jpg,glass,glass,0.1738,UNCERTAIN,MATCH,0.1623,0.1738,0.1633,0.1648,0.1704,0.1653
glass482_det_001_glass.jpg,D:\DACN\week4\crops\glass482_det_001_glass.jpg,glass,glass,0.1733,UNCERTAIN,MATCH,0.1603,0.1733,0.1669,0.1648,0.1701,0.1646
glass483_det_001_glass.jpg,D:\DACN\week4\crops\glass483_det_001_glass.jpg,glass,glass,0.1744,UNCERTAIN,MATCH,0.1597,0.1744,0.1678,0.1643,0.17,0.1637
glass484_det_001_glass.jpg,D:\DACN\week4\crops\glass484_det_001_glass.jpg,glass,glass,0.1728,UNCERTAIN,MATCH,0.1631,0.1728,0.1657,0.1647,0.1692,0.1644
glass485_det_001_glass.jpg,D:\DACN\week4\crops\glass485_det_001_glass.jpg,glass,glass,0.1746,UNCERTAIN,MATCH,0.1613,0.1746,0.1661,0.1614,0.1705,0.1661
glass486_det_001_glass.jpg,D:\DACN\week4\crops\glass486_det_001_glass.jpg,glass,glass,0.1701,UNCERTAIN,MATCH,0.1671,0.1701,0.1659,0.1647,0.1672,0.165
glass487_det_001_glass.jpg,D:\DACN\week4\crops\glass487_det_001_glass.jpg,glass,glass,0.1747,UNCERTAIN,MATCH,0.1636,0.1747,0.1647,0.1652,0.1704,0.1615
glass488_det_001_glass.jpg,D:\DACN\week4\crops\glass488_det_001_glass.jpg,glass,glass,0.1751,UNCERTAIN,MATCH,0.1594,0.1751,0.1683,0.1628,0.1697,0.1646
glass48_det_001_glass.jpg,D:\DACN\week4\crops\glass48_det_001_glass.jpg,glass,glass,0.1704,UNCERTAIN,MATCH,0.1629,0.1704,0.1675,0.1663,0.1685,0.1645
glass490_det_001_glass.jpg,D:\DACN\week4\crops\glass490_det_001_glass.jpg,glass,glass,0.1743,UNCERTAIN,MATCH,0.1618,0.1743,0.1662,0.1645,0.1694,0.1637
glass491_det_001_glass.jpg,D:\DACN\week4\crops\glass491_det_001_glass.jpg,glass,glass,0.1721,UNCERTAIN,MATCH,0.1628,0.1721,0.1654,0.1637,0.1708,0.1651
glass492_det_001_glass.jpg,D:\DACN\week4\crops\glass492_det_001_glass.jpg,glass,glass,0.1746,UNCERTAIN,MATCH,0.1598,0.1746,0.1683,0.1637,0.1701,0.1634
glass495_det_001_glass.jpg,D:\DACN\week4\crops\glass495_det_001_glass.jpg,glass,glass,0.1731,UNCERTAIN,MATCH,0.1625,0.1731,0.1715,0.1637,0.1668,0.1625
glass496_det_001_glass.jpg,D:\DACN\week4\crops\glass496_det_001_glass.jpg,glass,glass,0.1725,UNCERTAIN,MATCH,0.1614,0.1725,0.1668,0.164,0.169,0.1663
glass497_det_001_glass.jpg,D:\DACN\week4\crops\glass497_det_001_glass.jpg,glass,glass,0.1723,UNCERTAIN,MATCH,0.1613,0.1723,0.1649,0.1659,0.1708,0.1648
glass499_det_001_glass.jpg,D:\DACN\week4\crops\glass499_det_001_glass.jpg,glass,glass,0.1757,UNCERTAIN,MATCH,0.1615,0.1757,0.1664,0.1636,0.1701,0.1628
glass49_det_001_glass.jpg,D:\DACN\week4\crops\glass49_det_001_glass.jpg,glass,glass,0.1737,UNCERTAIN,MATCH,0.1599,0.1737,0.1689,0.1638,0.1687,0.1651
glass500_det_001_glass.jpg,D:\DACN\week4\crops\glass500_det_001_glass.jpg,glass,glass,0.1719,UNCERTAIN,MATCH,0.1626,0.1719,0.1641,0.1643,0.1716,0.1655
glass501_det_001_glass.jpg,D:\DACN\week4\crops\glass501_det_001_glass.jpg,glass,glass,0.1724,UNCERTAIN,MATCH,0.1644,0.1724,0.1652,0.164,0.1694,0.1646
glass50_det_001_glass.jpg,D:\DACN\week4\crops\glass50_det_001_glass.jpg,glass,glass,0.1763,UNCERTAIN,MATCH,0.1599,0.1763,0.1656,0.1634,0.1706,0.1643
glass51_det_001_glass.jpg,D:\DACN\week4\crops\glass51_det_001_glass.jpg,glass,glass,0.1727,UNCERTAIN,MATCH,0.1623,0.1727,0.1683,0.1647,0.1686,0.1633
glass52_det_001_glass.jpg,D:\DACN\week4\crops\glass52_det_001_glass.jpg,glass,glass,0.1749,UNCERTAIN,MATCH,0.1589,0.1749,0.1651,0.1657,0.171,0.1644
glass53_det_001_glass.jpg,D:\DACN\week4\crops\glass53_det_001_glass.jpg,glass,glass,0.1725,UNCERTAIN,MATCH,0.1632,0.1725,0.1684,0.1631,0.1686,0.1642
glass54_det_001_glass.jpg,D:\DACN\week4\crops\glass54_det_001_glass.jpg,glass,glass,0.1694,UNCERTAIN,MATCH,0.1661,0.1694,0.1673,0.1634,0.1664,0.1674
glass55_det_001_glass.jpg,D:\DACN\week4\crops\glass55_det_001_glass.jpg,glass,glass,0.1738,UNCERTAIN,MATCH,0.1622,0.1738,0.1672,0.1646,0.1687,0.1635
glass56_det_001_glass.jpg,D:\DACN\week4\crops\glass56_det_001_glass.jpg,glass,glass,0.1734,UNCERTAIN,MATCH,0.1633,0.1734,0.1656,0.1639,0.1697,0.1641
glass58_det_001_glass.jpg,D:\DACN\week4\crops\glass58_det_001_glass.jpg,glass,glass,0.1745,UNCERTAIN,MATCH,0.1613,0.1745,0.1668,0.1638,0.172,0.1616
glass59_det_001_glass.jpg,D:\DACN\week4\crops\glass59_det_001_glass.jpg,glass,glass,0.1736,UNCERTAIN,MATCH,0.1631,0.1736,0.1649,0.1638,0.17,0.1645
glass61_det_001_glass.jpg,D:\DACN\week4\crops\glass61_det_001_glass.jpg,glass,glass,0.1721,UNCERTAIN,MATCH,0.1638,0.1721,0.1686,0.1635,0.1684,0.1637
glass62_det_001_glass.jpg,D:\DACN\week4\crops\glass62_det_001_glass.jpg,glass,glass,0.1709,UNCERTAIN,MATCH,0.1649,0.1709,0.1632,0.1658,0.1699,0.1653
glass63_det_001_glass.jpg,D:\DACN\week4\crops\glass63_det_001_glass.jpg,glass,plastic,0.1723,UNCERTAIN,MISMATCH,0.1621,0.1709,0.1639,0.1641,0.1723,0.1667
glass67_det_001_glass.jpg,D:\DACN\week4\crops\glass67_det_001_glass.jpg,glass,glass,0.1746,UNCERTAIN,MATCH,0.1607,0.1746,0.1668,0.1635,0.1697,0.1647
glass68_det_001_glass.jpg,D:\DACN\week4\crops\glass68_det_001_glass.jpg,glass,glass,0.1741,UNCERTAIN,MATCH,0.162,0.1741,0.1645,0.1649,0.1708,0.1638
glass69_det_001_glass.jpg,D:\DACN\week4\crops\glass69_det_001_glass.jpg,glass,glass,0.1713,UNCERTAIN,MATCH,0.162,0.1713,0.1689,0.1648,0.1689,0.1641
glass6_det_001_glass.jpg,D:\DACN\week4\crops\glass6_det_001_glass.jpg,glass,glass,0.1735,UNCERTAIN,MATCH,0.1621,0.1735,0.1649,0.163,0.1728,0.1637
glass70_det_001_glass.jpg,D:\DACN\week4\crops\glass70_det_001_glass.jpg,glass,glass,0.1759,UNCERTAIN,MATCH,0.1608,0.1759,0.1684,0.1622,0.1693,0.1633
glass72_det_001_glass.jpg,D:\DACN\week4\crops\glass72_det_001_glass.jpg,glass,glass,0.1688,UNCERTAIN,MATCH,0.1671,0.1688,0.1656,0.165,0.1674,0.1661
glass74_det_001_glass.jpg,D:\DACN\week4\crops\glass74_det_001_glass.jpg,glass,glass,0.1711,UNCERTAIN,MATCH,0.1617,0.1711,0.1684,0.163,0.1696,0.1661
glass76_det_001_glass.jpg,D:\DACN\week4\crops\glass76_det_001_glass.jpg,glass,glass,0.174,UNCERTAIN,MATCH,0.1626,0.174,0.1676,0.1629,0.1681,0.1647
glass77_det_001_glass.jpg,D:\DACN\week4\crops\glass77_det_001_glass.jpg,glass,glass,0.1723,UNCERTAIN,MATCH,0.1648,0.1723,0.1682,0.1619,0.1681,0.1647
glass78_det_001_glass.jpg,D:\DACN\week4\crops\glass78_det_001_glass.jpg,glass,glass,0.17,UNCERTAIN,MATCH,0.166,0.17,0.1651,0.1638,0.1684,0.1667
glass79_det_001_glass.jpg,D:\DACN\week4\crops\glass79_det_001_glass.jpg,glass,glass,0.1725,UNCERTAIN,MATCH,0.1645,0.1725,0.1679,0.1621,0.1688,0.1642
glass7_det_001_glass.jpg,D:\DACN\week4\crops\glass7_det_001_glass.jpg,glass,glass,0.1707,UNCERTAIN,MATCH,0.1638,0.1707,0.1665,0.1641,0.1681,0.1667
glass80_det_001_glass.jpg,D:\DACN\week4\crops\glass80_det_001_glass.jpg,glass,glass,0.1708,UNCERTAIN,MATCH,0.1661,0.1708,0.1651,0.1643,0.1692,0.1645
glass81_det_001_glass.jpg,D:\DACN\week4\crops\glass81_det_001_glass.jpg,glass,glass,0.1707,UNCERTAIN,MATCH,0.1645,0.1707,0.166,0.1642,0.1688,0.1657
glass82_det_001_glass.jpg,D:\DACN\week4\crops\glass82_det_001_glass.jpg,glass,glass,0.1729,UNCERTAIN,MATCH,0.1613,0.1729,0.1647,0.165,0.1726,0.1636
glass83_det_001_glass.jpg,D:\DACN\week4\crops\glass83_det_001_glass.jpg,glass,glass,0.1743,UNCERTAIN,MATCH,0.1644,0.1743,0.1655,0.1628,0.1698,0.1633
glass84_det_001_glass.jpg,D:\DACN\week4\crops\glass84_det_001_glass.jpg,glass,glass,0.1745,UNCERTAIN,MATCH,0.164,0.1745,0.1664,0.1628,0.168,0.1643
glass85_det_001_glass.jpg,D:\DACN\week4\crops\glass85_det_001_glass.jpg,glass,glass,0.1715,UNCERTAIN,MATCH,0.1646,0.1715,0.1653,0.1632,0.1691,0.1663
glass86_det_001_glass.jpg,D:\DACN\week4\crops\glass86_det_001_glass.jpg,glass,glass,0.1728,UNCERTAIN,MATCH,0.163,0.1728,0.1642,0.1635,0.1705,0.166
glass87_det_001_glass.jpg,D:\DACN\week4\crops\glass87_det_001_glass.jpg,glass,glass,0.171,UNCERTAIN,MATCH,0.1619,0.171,0.1655,0.1652,0.1705,0.1659
glass88_det_001_glass.jpg,D:\DACN\week4\crops\glass88_det_001_glass.jpg,glass,glass,0.1709,UNCERTAIN,MATCH,0.165,0.1709,0.1676,0.1626,0.1691,0.1648
glass89_det_001_glass.jpg,D:\DACN\week4\crops\glass89_det_001_glass.jpg,glass,glass,0.1756,UNCERTAIN,MATCH,0.1598,0.1756,0.1666,0.1632,0.1701,0.1647
glass8_det_001_glass.jpg,D:\DACN\week4\crops\glass8_det_001_glass.jpg,glass,glass,0.1724,UNCERTAIN,MATCH,0.1656,0.1724,0.1655,0.1632,0.1689,0.1644
glass91_det_001_glass.jpg,D:\DACN\week4\crops\glass91_det_001_glass.jpg,glass,glass,0.1718,UNCERTAIN,MATCH,0.1605,0.1718,0.1673,0.1663,0.1698,0.1643
glass92_det_001_glass.jpg,D:\DACN\week4\crops\glass92_det_001_glass.jpg,glass,glass,0.174,UNCERTAIN,MATCH,0.1603,0.174,0.1673,0.1632,0.1704,0.1648
glass93_det_001_glass.jpg,D:\DACN\week4\crops\glass93_det_001_glass.jpg,glass,glass,0.1753,UNCERTAIN,MATCH,0.1633,0.1753,0.1668,0.1614,0.1697,0.1635
glass94_det_001_glass.jpg,D:\DACN\week4\crops\glass94_det_001_glass.jpg,glass,glass,0.1731,UNCERTAIN,MATCH,0.1628,0.1731,0.1682,0.1642,0.1681,0.1636
glass95_det_001_glass.jpg,D:\DACN\week4\crops\glass95_det_001_glass.jpg,glass,glass,0.1695,UNCERTAIN,MATCH,0.1674,0.1695,0.1646,0.1636,0.168,0.167
glass96_det_001_glass.jpg,D:\DACN\week4\crops\glass96_det_001_glass.jpg,glass,glass,0.1708,UNCERTAIN,MATCH,0.1661,0.1708,0.1676,0.1632,0.1663,0.166
glass97_det_001_glass.jpg,D:\DACN\week4\crops\glass97_det_001_glass.jpg,glass,glass,0.1739,UNCERTAIN,MATCH,0.1623,0.1739,0.1694,0.1615,0.169,0.164
glass98_det_001_glass.jpg,D:\DACN\week4\crops\glass98_det_001_glass.jpg,glass,glass,0.1709,UNCERTAIN,MATCH,0.1635,0.1709,0.1673,0.1642,0.1693,0.1647
glass99_det_001_glass.jpg,D:\DACN\week4\crops\glass99_det_001_glass.jpg,glass,glass,0.172,UNCERTAIN,MATCH,0.1624,0.172,0.1671,0.1649,0.1699,0.1637
glass9_det_001_glass.jpg,D:\DACN\week4\crops\glass9_det_001_glass.jpg,glass,glass,0.1712,UNCERTAIN,MATCH,0.1642,0.1712,0.1676,0.1627,0.1678,0.1664
glass_1789393039233_285425636973233444_5944122805105729455_8627e57488d3d10ea031fa30870cdab8_crop_003.jpg,D:\DACN\week4\crops\glass_1789393039233_285425636973233444_5944122805105729455_8627e57488d3d10ea031fa30870cdab8_crop_003.jpg,unknown,plastic,0.1696,UNCERTAIN,MISMATCH,0.1644,0.1684,0.1684,0.165,0.1696,0.1642
images (1)_det_001_glass.jpg,D:\DACN\week4\crops\images (1)_det_001_glass.jpg,glass,cardboard,0.1729,UNCERTAIN,MISMATCH,0.1729,0.1623,0.1685,0.169,0.1651,0.1622
images (1)_det_001_metal.jpg,D:\DACN\week4\crops\images (1)_det_001_metal.jpg,metal,paper,0.1737,UNCERTAIN,MISMATCH,0.1672,0.1621,0.1652,0.1737,0.1634,0.1683
images (1)_det_002_paper.jpg,D:\DACN\week4\crops\images (1)_det_002_paper.jpg,paper,paper,0.174,UNCERTAIN,MATCH,0.1674,0.162,0.165,0.174,0.1633,0.1682
images (10)_det_001_glass.jpg,D:\DACN\week4\crops\images (10)_det_001_glass.jpg,glass,cardboard,0.1749,UNCERTAIN,MISMATCH,0.1749,0.1605,0.164,0.1701,0.1647,0.1658
images (10)_det_001_metal.jpg,D:\DACN\week4\crops\images (10)_det_001_metal.jpg,metal,paper,0.1727,UNCERTAIN,MISMATCH,0.1684,0.1646,0.165,0.1727,0.1627,0.1666
images (10)_det_002_paper.jpg,D:\DACN\week4\crops\images (10)_det_002_paper.jpg,paper,paper,0.1729,UNCERTAIN,MATCH,0.1685,0.1646,0.1642,0.1729,0.1632,0.1666
images (11)_det_001_metal.jpg,D:\DACN\week4\crops\images (11)_det_001_metal.jpg,metal,paper,0.1719,UNCERTAIN,MISMATCH,0.166,0.1646,0.1662,0.1719,0.1648,0.1665
images (11)_det_001_trash.jpg,D:\DACN\week4\crops\images (11)_det_001_trash.jpg,trash,glass,0.1685,UNCERTAIN,MISMATCH,0.1646,0.1685,0.1652,0.1681,0.1676,0.1661
images (11)_det_002_trash.jpg,D:\DACN\week4\crops\images (11)_det_002_trash.jpg,trash,plastic,0.1679,UNCERTAIN,MISMATCH,0.1668,0.1664,0.1656,0.1675,0.1679,0.1658
images (11)_det_003_paper.jpg,D:\DACN\week4\crops\images (11)_det_003_paper.jpg,paper,cardboard,0.1746,UNCERTAIN,MISMATCH,0.1746,0.1606,0.1639,0.1687,0.1654,0.1667
images (12)_det_001_glass.jpg,D:\DACN\week4\crops\images (12)_det_001_glass.jpg,glass,cardboard,0.1755,UNCERTAIN,MISMATCH,0.1755,0.1606,0.1641,0.1706,0.1647,0.1646
images (12)_det_001_paper.jpg,D:\DACN\week4\crops\images (12)_det_001_paper.jpg,paper,paper,0.1733,UNCERTAIN,MATCH,0.1685,0.1633,0.1648,0.1733,0.164,0.1661
images (12)_det_002_glass.jpg,D:\DACN\week4\crops\images (12)_det_002_glass.jpg,glass,cardboard,0.1696,UNCERTAIN,MISMATCH,0.1696,0.1658,0.1669,0.1671,0.1664,0.1641
images (12)_det_002_metal.jpg,D:\DACN\week4\crops\images (12)_det_002_metal.jpg,metal,paper,0.1731,UNCERTAIN,MISMATCH,0.1683,0.1637,0.1648,0.1731,0.1641,0.1661
images (13)_det_001_trash.jpg,D:\DACN\week4\crops\images (13)_det_001_trash.jpg,trash,cardboard,0.1733,UNCERTAIN,MISMATCH,0.1733,0.1626,0.1666,0.1673,0.1646,0.1656
images (14)_det_001_glass.jpg,D:\DACN\week4\crops\images (14)_det_001_glass.jpg,glass,cardboard,0.1753,UNCERTAIN,MISMATCH,0.1753,0.1622,0.1639,0.1697,0.1638,0.1651
images (15)_det_001_glass.jpg,D:\DACN\week4\crops\images (15)_det_001_glass.jpg,glass,cardboard,0.1722,UNCERTAIN,MISMATCH,0.1722,0.1667,0.167,0.1676,0.1644,0.1621
images (16)_det_001_glass.jpg,D:\DACN\week4\crops\images (16)_det_001_glass.jpg,glass,cardboard,0.1681,UNCERTAIN,MISMATCH,0.1681,0.1673,0.1676,0.1668,0.165,0.1652
images (17)_det_001_metal.jpg,D:\DACN\week4\crops\images (17)_det_001_metal.jpg,metal,cardboard,0.1738,UNCERTAIN,MISMATCH,0.1738,0.1616,0.1643,0.1726,0.1642,0.1635
images (18)_det_001_glass.jpg,D:\DACN\week4\crops\images (18)_det_001_glass.jpg,glass,cardboard,0.1743,UNCERTAIN,MISMATCH,0.1743,0.1615,0.1658,0.1674,0.1635,0.1675
images (19)_det_001_trash.jpg,D:\DACN\week4\crops\images (19)_det_001_trash.jpg,trash,cardboard,0.1723,UNCERTAIN,MISMATCH,0.1723,0.1651,0.1656,0.1693,0.1646,0.163
images (19)_det_002_paper.jpg,D:\DACN\week4\crops\images (19)_det_002_paper.jpg,paper,cardboard,0.1719,UNCERTAIN,MISMATCH,0.1719,0.1654,0.1648,0.1699,0.165,0.1631
images (2)_det_001_glass.jpg,D:\DACN\week4\crops\images (2)_det_001_glass.jpg,glass,cardboard,0.1751,UNCERTAIN,MISMATCH,0.1751,0.1594,0.1639,0.1736,0.1628,0.1651
images (2)_det_001_metal.jpg,D:\DACN\week4\crops\images (2)_det_001_metal.jpg,metal,paper,0.173,UNCERTAIN,MISMATCH,0.1667,0.1617,0.166,0.173,0.1642,0.1684
images (20)_det_001_glass.jpg,D:\DACN\week4\crops\images (20)_det_001_glass.jpg,glass,cardboard,0.1722,UNCERTAIN,MISMATCH,0.1722,0.1638,0.1646,0.1678,0.1665,0.165
images (20)_det_002_glass.jpg,D:\DACN\week4\crops\images (20)_det_002_glass.jpg,glass,cardboard,0.1721,UNCERTAIN,MISMATCH,0.1721,0.1634,0.1642,0.1684,0.1668,0.1651
images (20)_det_003_metal.jpg,D:\DACN\week4\crops\images (20)_det_003_metal.jpg,metal,cardboard,0.1719,UNCERTAIN,MISMATCH,0.1719,0.1641,0.1645,0.1677,0.1666,0.1652
images (3)_det_001_metal.jpg,D:\DACN\week4\crops\images (3)_det_001_metal.jpg,metal,glass,0.1696,UNCERTAIN,MISMATCH,0.1666,0.1696,0.1651,0.1663,0.1664,0.1659
images (3)_det_001_paper.jpg,D:\DACN\week4\crops\images (3)_det_001_paper.jpg,paper,paper,0.1742,UNCERTAIN,MATCH,0.1703,0.1605,0.1659,0.1742,0.1612,0.1679
images (3)_det_002_metal.jpg,D:\DACN\week4\crops\images (3)_det_002_metal.jpg,metal,paper,0.1744,UNCERTAIN,MISMATCH,0.1699,0.1609,0.1656,0.1744,0.1614,0.1678
images (4)_det_001_metal.jpg,D:\DACN\week4\crops\images (4)_det_001_metal.jpg,metal,paper,0.1729,UNCERTAIN,MISMATCH,0.1698,0.1618,0.1669,0.1729,0.1616,0.167
images (4)_det_001_paper.jpg,D:\DACN\week4\crops\images (4)_det_001_paper.jpg,paper,paper,0.173,UNCERTAIN,MATCH,0.1711,0.162,0.1644,0.173,0.1647,0.1647
images (4)_det_001_trash.jpg,D:\DACN\week4\crops\images (4)_det_001_trash.jpg,trash,plastic,0.1693,UNCERTAIN,MISMATCH,0.1656,0.1665,0.1672,0.1645,0.1693,0.1669
images (4)_det_002_metal.jpg,D:\DACN\week4\crops\images (4)_det_002_metal.jpg,metal,plastic,0.1694,UNCERTAIN,MISMATCH,0.1649,0.1675,0.1671,0.1642,0.1694,0.167
images (4)_det_002_paper.jpg,D:\DACN\week4\crops\images (4)_det_002_paper.jpg,paper,paper,0.173,UNCERTAIN,MATCH,0.1697,0.1619,0.1666,0.173,0.1619,0.1669
images (4)_det_003_metal.jpg,D:\DACN\week4\crops\images (4)_det_003_metal.jpg,metal,glass,0.1721,UNCERTAIN,MISMATCH,0.163,0.1721,0.1639,0.1651,0.1708,0.165
images (4)_det_004_metal.jpg,D:\DACN\week4\crops\images (4)_det_004_metal.jpg,metal,plastic,0.1699,UNCERTAIN,MISMATCH,0.1661,0.1662,0.1673,0.1642,0.1699,0.1662
images (4)_det_005_metal.jpg,D:\DACN\week4\crops\images (4)_det_005_metal.jpg,metal,trash,0.1685,UNCERTAIN,MISMATCH,0.1684,0.1648,0.1648,0.1672,0.1664,0.1685
images (4)_det_006_glass.jpg,D:\DACN\week4\crops\images (4)_det_006_glass.jpg,glass,trash,0.1689,UNCERTAIN,MISMATCH,0.1672,0.1653,0.1643,0.1671,0.1671,0.1689
images (5)_det_001_metal.jpg,D:\DACN\week4\crops\images (5)_det_001_metal.jpg,metal,paper,0.1728,UNCERTAIN,MISMATCH,0.1713,0.1608,0.1645,0.1728,0.163,0.1676
images (5)_det_001_paper.jpg,D:\DACN\week4\crops\images (5)_det_001_paper.jpg,paper,cardboard,0.1746,UNCERTAIN,MISMATCH,0.1746,0.1616,0.1629,0.1709,0.1655,0.1645
images (5)_det_002_paper.jpg,D:\DACN\week4\crops\images (5)_det_002_paper.jpg,paper,paper,0.1737,UNCERTAIN,MATCH,0.1715,0.1603,0.1638,0.1737,0.1633,0.1675
images (6)_det_001_glass.jpg,D:\DACN\week4\crops\images (6)_det_001_glass.jpg,glass,cardboard,0.174,UNCERTAIN,MISMATCH,0.174,0.1641,0.1668,0.1675,0.1632,0.1644
images (6)_det_001_metal.jpg,D:\DACN\week4\crops\images (6)_det_001_metal.jpg,metal,metal,0.1691,UNCERTAIN,MATCH,0.165,0.1646,0.1691,0.1645,0.1677,0.169
images (6)_det_001_paper.jpg,D:\DACN\week4\crops\images (6)_det_001_paper.jpg,paper,paper,0.174,UNCERTAIN,MATCH,0.1707,0.1615,0.1636,0.174,0.165,0.1652
images (6)_det_002_trash.jpg,D:\DACN\week4\crops\images (6)_det_002_trash.jpg,trash,paper,0.1737,UNCERTAIN,MISMATCH,0.1714,0.1615,0.1638,0.1737,0.1651,0.1645
images (7)_det_001_glass.jpg,D:\DACN\week4\crops\images (7)_det_001_glass.jpg,glass,cardboard,0.173,UNCERTAIN,MISMATCH,0.173,0.1626,0.1656,0.1717,0.1625,0.1646
images (7)_det_001_metal.jpg,D:\DACN\week4\crops\images (7)_det_001_metal.jpg,metal,paper,0.175,UNCERTAIN,MISMATCH,0.1668,0.1635,0.1639,0.175,0.164,0.1668
images (7)_det_002_glass.jpg,D:\DACN\week4\crops\images (7)_det_002_glass.jpg,glass,cardboard,0.1733,UNCERTAIN,MISMATCH,0.1733,0.1629,0.1661,0.1701,0.163,0.1646
images (7)_det_002_paper.jpg,D:\DACN\week4\crops\images (7)_det_002_paper.jpg,paper,paper,0.1758,UNCERTAIN,MATCH,0.1672,0.1635,0.1631,0.1758,0.1642,0.1663
images (8)_det_001_glass.jpg,D:\DACN\week4\crops\images (8)_det_001_glass.jpg,glass,paper,0.1745,UNCERTAIN,MISMATCH,0.1674,0.1627,0.1653,0.1745,0.1646,0.1655
images (8)_det_002_metal.jpg,D:\DACN\week4\crops\images (8)_det_002_metal.jpg,metal,paper,0.1745,UNCERTAIN,MISMATCH,0.1677,0.1627,0.1653,0.1745,0.1644,0.1654
images (9)_det_001_paper.jpg,D:\DACN\week4\crops\images (9)_det_001_paper.jpg,paper,paper,0.1717,UNCERTAIN,MATCH,0.1697,0.1634,0.1657,0.1717,0.1641,0.1655
images (9)_det_002_metal.jpg,D:\DACN\week4\crops\images (9)_det_002_metal.jpg,metal,paper,0.1717,UNCERTAIN,MISMATCH,0.1697,0.1634,0.1657,0.1717,0.1641,0.1655
images_det_001_glass.jpg,D:\DACN\week4\crops\images_det_001_glass.jpg,glass,cardboard,0.1745,UNCERTAIN,MISMATCH,0.1745,0.1598,0.1647,0.1731,0.1625,0.1654
images_det_001_metal.jpg,D:\DACN\week4\crops\images_det_001_metal.jpg,metal,trash,0.1693,UNCERTAIN,MISMATCH,0.1652,0.1644,0.1685,0.1638,0.1688,0.1693
images_det_001_paper.jpg,D:\DACN\week4\crops\images_det_001_paper.jpg,paper,paper,0.1763,UNCERTAIN,MATCH,0.1668,0.1612,0.1648,0.1763,0.1627,0.1683
images_det_002_metal.jpg,D:\DACN\week4\crops\images_det_002_metal.jpg,metal,paper,0.1765,UNCERTAIN,MISMATCH,0.1668,0.1614,0.1646,0.1765,0.1629,0.1678
IMG20260911163453_det_001_trash.jpg,D:\DACN\week4\crops\IMG20260911163453_det_001_trash.jpg,trash,glass,0.1731,UNCERTAIN,MISMATCH,0.1606,0.1731,0.1645,0.1624,0.1721,0.1673
istockphoto-1151561362-612x612 (1)_det_001_metal.jpg,D:\DACN\week4\crops\istockphoto-1151561362-612x612 (1)_det_001_metal.jpg,metal,metal,0.1709,UNCERTAIN,MATCH,0.1657,0.1651,0.1709,0.1673,0.1648,0.1662
istockphoto-1151561362-612x612_det_001_metal.jpg,D:\DACN\week4\crops\istockphoto-1151561362-612x612_det_001_metal.jpg,metal,metal,0.1709,UNCERTAIN,MATCH,0.1657,0.1651,0.1709,0.1673,0.1648,0.1662
istockphoto-133993685-612x612_det_001_metal.jpg,D:\DACN\week4\crops\istockphoto-133993685-612x612_det_001_metal.jpg,metal,metal,0.1738,UNCERTAIN,MATCH,0.1621,0.1661,0.1738,0.1669,0.1651,0.166
istockphoto-1470617810-612x612_det_001_paper.jpg,D:\DACN\week4\crops\istockphoto-1470617810-612x612_det_001_paper.jpg,paper,paper,0.1757,UNCERTAIN,MATCH,0.17,0.1609,0.1643,0.1757,0.1633,0.1658
istockphoto-1470617810-612x612_det_002_metal.jpg,D:\DACN\week4\crops\istockphoto-1470617810-612x612_det_002_metal.jpg,metal,paper,0.1755,UNCERTAIN,MISMATCH,0.1699,0.1613,0.1646,0.1755,0.1631,0.1656
istockphoto-2170297875-612x612_det_001_metal.jpg,D:\DACN\week4\crops\istockphoto-2170297875-612x612_det_001_metal.jpg,metal,metal,0.1759,UNCERTAIN,MATCH,0.1642,0.1652,0.1759,0.1644,0.1649,0.1654
istockphoto-491962627-612x612_det_001_metal.jpg,D:\DACN\week4\crops\istockphoto-491962627-612x612_det_001_metal.jpg,metal,metal,0.1725,UNCERTAIN,MATCH,0.1619,0.1659,0.1725,0.1641,0.1677,0.1679
istockphoto-868926884-612x612_det_001_metal.jpg,D:\DACN\week4\crops\istockphoto-868926884-612x612_det_001_metal.jpg,metal,metal,0.1734,UNCERTAIN,MATCH,0.1665,0.164,0.1734,0.1651,0.1643,0.1666
istockphoto-950590270-612x612_det_001_metal.jpg,D:\DACN\week4\crops\istockphoto-950590270-612x612_det_001_metal.jpg,metal,metal,0.17,UNCERTAIN,MATCH,0.1638,0.1667,0.17,0.1652,0.1679,0.1665
large-pile-waste-paper-isolated-260nw-1706121646_det_001_metal.jpg,D:\DACN\week4\crops\large-pile-waste-paper-isolated-260nw-1706121646_det_001_metal.jpg,metal,paper,0.176,UNCERTAIN,MISMATCH,0.1661,0.1628,0.1645,0.176,0.1638,0.1668
large-pile-waste-paper-isolated-260nw-1706121646_det_002_paper.jpg,D:\DACN\week4\crops\large-pile-waste-paper-isolated-260nw-1706121646_det_002_paper.jpg,paper,paper,0.1758,UNCERTAIN,MATCH,0.1659,0.163,0.1646,0.1758,0.1638,0.1669
newspaper-1000x600-1_det_001_metal.jpg,D:\DACN\week4\crops\newspaper-1000x600-1_det_001_metal.jpg,metal,paper,0.1712,UNCERTAIN,MISMATCH,0.1659,0.1646,0.1658,0.1712,0.1653,0.1672
newspaper-for-crafting-project-or-paper-bag-and-other-1kg-original-imag65eegtxkt7nb_det_001_metal.jpg,D:\DACN\week4\crops\newspaper-for-crafting-project-or-paper-bag-and-other-1kg-original-imag65eegtxkt7nb_det_001_metal.jpg,metal,paper,0.1725,UNCERTAIN,MISMATCH,0.1648,0.1642,0.1654,0.1725,0.166,0.1671
paper-waste-isolated-white-separate-garbage-collection-97824135_det_001_trash.jpg,D:\DACN\week4\crops\paper-waste-isolated-white-separate-garbage-collection-97824135_det_001_trash.jpg,trash,paper,0.174,UNCERTAIN,MISMATCH,0.1703,0.1602,0.1634,0.174,0.1653,0.1667
paper-waste-isolated-white-separate-garbage-collection-97824135_det_002_paper.jpg,D:\DACN\week4\crops\paper-waste-isolated-white-separate-garbage-collection-97824135_det_002_paper.jpg,paper,paper,0.1738,UNCERTAIN,MATCH,0.17,0.1605,0.1637,0.1738,0.1654,0.1666
pngtree-bunch-of-waste-of-paper-materials-isolated-png-image_15775221_det_001_metal.jpg,D:\DACN\week4\crops\pngtree-bunch-of-waste-of-paper-materials-isolated-png-image_15775221_det_001_metal.jpg,metal,paper,0.1736,UNCERTAIN,MISMATCH,0.1713,0.1599,0.1644,0.1736,0.1628,0.168
pngtree-bunch-of-waste-of-paper-materials-isolated-png-image_15775221_det_002_paper.jpg,D:\DACN\week4\crops\pngtree-bunch-of-waste-of-paper-materials-isolated-png-image_15775221_det_002_paper.jpg,paper,paper,0.1737,UNCERTAIN,MATCH,0.1713,0.16,0.1644,0.1737,0.1627,0.1679
pngtree-bunch-of-waste-of-paper-materials-isolated-png-image_15775701_det_001_paper.jpg,D:\DACN\week4\crops\pngtree-bunch-of-waste-of-paper-materials-isolated-png-image_15775701_det_001_paper.jpg,paper,paper,0.1731,UNCERTAIN,MATCH,0.1707,0.1596,0.1641,0.1731,0.1635,0.169
pngtree-bunch-of-waste-of-paper-materials-isolated-png-image_15775701_det_002_trash.jpg,D:\DACN\week4\crops\pngtree-bunch-of-waste-of-paper-materials-isolated-png-image_15775701_det_002_trash.jpg,trash,paper,0.1735,UNCERTAIN,MISMATCH,0.1708,0.1595,0.1637,0.1735,0.1636,0.1689
pngtree-bunch-of-waste-of-paper-materials-isolated-png-image_15790648_det_001_paper.jpg,D:\DACN\week4\crops\pngtree-bunch-of-waste-of-paper-materials-isolated-png-image_15790648_det_001_paper.jpg,paper,paper,0.1746,UNCERTAIN,MATCH,0.169,0.1593,0.1644,0.1746,0.1637,0.1691
pngtree-bunch-of-waste-of-paper-materials-isolated-png-image_15790648_det_002_trash.jpg,D:\DACN\week4\crops\pngtree-bunch-of-waste-of-paper-materials-isolated-png-image_15790648_det_002_trash.jpg,trash,paper,0.1731,UNCERTAIN,MISMATCH,0.169,0.1606,0.165,0.1731,0.1643,0.1681
pngtree-crushed-red-aluminum-beverage-can-isolated-png-image_19364393_det_001_metal.jpg,D:\DACN\week4\crops\pngtree-crushed-red-aluminum-beverage-can-isolated-png-image_19364393_det_001_metal.jpg,metal,metal,0.1702,UNCERTAIN,MATCH,0.1621,0.168,0.1702,0.1638,0.1682,0.1678
pngtree-newspaper-isolated-on-transparent-background-png-image_12487289_det_001_metal.jpg,D:\DACN\week4\crops\pngtree-newspaper-isolated-on-transparent-background-png-image_12487289_det_001_metal.jpg,metal,paper,0.1712,UNCERTAIN,MISMATCH,0.1668,0.1649,0.1657,0.1712,0.1644,0.1671
pngtree-stack-of-file-folders-white-png-image_9800954_det_001_metal.jpg,D:\DACN\week4\crops\pngtree-stack-of-file-folders-white-png-image_9800954_det_001_metal.jpg,metal,paper,0.1747,UNCERTAIN,MISMATCH,0.1676,0.1619,0.1649,0.1747,0.1627,0.1681
pngtree-stack-of-file-folders-white-png-image_9800954_det_002_paper.jpg,D:\DACN\week4\crops\pngtree-stack-of-file-folders-white-png-image_9800954_det_002_paper.jpg,paper,paper,0.1747,UNCERTAIN,MATCH,0.1679,0.1616,0.165,0.1747,0.1625,0.1684
pngtree-stack-of-newspapers-isolated-on-white-background-png-image_14126844_det_001_metal.jpg,D:\DACN\week4\crops\pngtree-stack-of-newspapers-isolated-on-white-background-png-image_14126844_det_001_metal.jpg,metal,paper,0.174,UNCERTAIN,MISMATCH,0.1672,0.1623,0.1656,0.174,0.1636,0.1674
pngtree-vintage-newspaper-scraps-png-clip-art-png-image_20964246_det_001_paper.jpg,D:\DACN\week4\crops\pngtree-vintage-newspaper-scraps-png-clip-art-png-image_20964246_det_001_paper.jpg,paper,paper,0.1739,UNCERTAIN,MATCH,0.1697,0.1629,0.1633,0.1739,0.1643,0.1658
pngtree-vintage-newspaper-scraps-png-png-image_16246881_det_001_paper.jpg,D:\DACN\week4\crops\pngtree-vintage-newspaper-scraps-png-png-image_16246881_det_001_paper.jpg,paper,paper,0.1736,UNCERTAIN,MATCH,0.1691,0.1635,0.1639,0.1736,0.1636,0.1663
pngtree-vintage-newspaper-scraps-png-png-image_16246881_det_002_metal.jpg,D:\DACN\week4\crops\pngtree-vintage-newspaper-scraps-png-png-image_16246881_det_002_metal.jpg,metal,paper,0.1736,UNCERTAIN,MISMATCH,0.1692,0.1635,0.1639,0.1736,0.1635,0.1663
pngtree-vintage-newspapers-png-image_17277281_det_001_metal.jpg,D:\DACN\week4\crops\pngtree-vintage-newspapers-png-image_17277281_det_001_metal.jpg,metal,paper,0.173,UNCERTAIN,MISMATCH,0.1679,0.1636,0.1655,0.173,0.1635,0.1664
pngtree-vintage-newspapers-png-image_17277281_det_002_paper.jpg,D:\DACN\week4\crops\pngtree-vintage-newspapers-png-image_17277281_det_002_paper.jpg,paper,paper,0.1729,UNCERTAIN,MATCH,0.1679,0.1634,0.1659,0.1729,0.1632,0.1667
pngtree-wastepaper-heap-white-waste-collect-photo-image_40511112_det_001_paper.jpg,D:\DACN\week4\crops\pngtree-wastepaper-heap-white-waste-collect-photo-image_40511112_det_001_paper.jpg,paper,cardboard,0.1735,UNCERTAIN,MISMATCH,0.1735,0.1601,0.1654,0.1733,0.1626,0.1652
pngtree-wastepaper-heap-white-waste-collect-photo-image_40511112_det_002_metal.jpg,D:\DACN\week4\crops\pngtree-wastepaper-heap-white-waste-collect-photo-image_40511112_det_002_metal.jpg,metal,cardboard,0.1734,UNCERTAIN,MISMATCH,0.1734,0.1602,0.1653,0.1731,0.1626,0.1654
recycling-concept-recyclable-cardboard-paper-260nw-1808265076_det_001_paper.jpg,D:\DACN\week4\crops\recycling-concept-recyclable-cardboard-paper-260nw-1808265076_det_001_paper.jpg,paper,paper,0.1759,UNCERTAIN,MATCH,0.1704,0.1592,0.1632,0.1759,0.1632,0.1682
recycling-concept-recyclable-cardboard-paper-260nw-1808265076_det_002_metal.jpg,D:\DACN\week4\crops\recycling-concept-recyclable-cardboard-paper-260nw-1808265076_det_002_metal.jpg,metal,paper,0.176,UNCERTAIN,MISMATCH,0.1708,0.159,0.1634,0.176,0.1633,0.1674
stack-of-cluttered-files-and-colorful-paper-cut-out-stock-png_det_001_metal.jpg,D:\DACN\week4\crops\stack-of-cluttered-files-and-colorful-paper-cut-out-stock-png_det_001_metal.jpg,metal,paper,0.1731,UNCERTAIN,MISMATCH,0.171,0.1613,0.1655,0.1731,0.1624,0.1668
stack-of-cluttered-files-and-colorful-paper-cut-out-stock-png_det_002_paper.jpg,D:\DACN\week4\crops\stack-of-cluttered-files-and-colorful-paper-cut-out-stock-png_det_002_paper.jpg,paper,paper,0.1729,UNCERTAIN,MATCH,0.1711,0.1614,0.1655,0.1729,0.1625,0.1665
stack-of-different-waste-paper-on-white-background-2R92K1Y_det_001_paper.jpg,D:\DACN\week4\crops\stack-of-different-waste-paper-on-white-background-2R92K1Y_det_001_paper.jpg,paper,cardboard,0.1741,UNCERTAIN,MISMATCH,0.1741,0.1586,0.1645,0.1735,0.1625,0.1668
stack-of-envelopes-and-files-on-a-plain-transparent-background-showcasing-organized-documents-for-office-use-stack-envelopes-files-documents-background-free-png_det_001_metal.jpg,D:\DACN\week4\crops\stack-of-envelopes-and-files-on-a-plain-transparent-background-showcasing-organized-documents-for-office-use-stack-envelopes-files-documents-background-free-png_det_001_metal.jpg,metal,paper,0.1745,UNCERTAIN,MISMATCH,0.1693,0.1611,0.1648,0.1745,0.1621,0.1682
stack-of-envelopes-and-files-on-a-plain-transparent-background-showcasing-organized-documents-for-office-use-stack-envelopes-files-documents-background-free-png_det_002_paper.jpg,D:\DACN\week4\crops\stack-of-envelopes-and-files-on-a-plain-transparent-background-showcasing-organized-documents-for-office-use-stack-envelopes-files-documents-background-free-png_det_002_paper.jpg,paper,paper,0.1746,UNCERTAIN,MATCH,0.1696,0.1612,0.1644,0.1746,0.1622,0.1678
stack-recycling-paper-isolated-on-260nw-267043988_det_001_metal.jpg,D:\DACN\week4\crops\stack-recycling-paper-isolated-on-260nw-267043988_det_001_metal.jpg,metal,paper,0.1755,UNCERTAIN,MISMATCH,0.1683,0.1614,0.1635,0.1755,0.1637,0.1675
stack-recycling-paper-isolated-on-260nw-267043988_det_002_paper.jpg,D:\DACN\week4\crops\stack-recycling-paper-isolated-on-260nw-267043988_det_002_paper.jpg,paper,paper,0.1758,UNCERTAIN,MATCH,0.1696,0.16,0.1631,0.1758,0.1636,0.1678
stacked-folded-newspapers-tied-together-260nw-2808221649_det_001_metal.jpg,D:\DACN\week4\crops\stacked-folded-newspapers-tied-together-260nw-2808221649_det_001_metal.jpg,metal,paper,0.1738,UNCERTAIN,MISMATCH,0.165,0.1634,0.1682,0.1738,0.1633,0.1664
stacked-folded-newspapers-tied-together-260nw-2808221649_det_002_paper.jpg,D:\DACN\week4\crops\stacked-folded-newspapers-tied-together-260nw-2808221649_det_002_paper.jpg,paper,paper,0.1733,UNCERTAIN,MATCH,0.1652,0.164,0.1674,0.1733,0.164,0.1661
thung-carton-cu-qiuan-2_det_001_paper.jpg,D:\DACN\week4\crops\thung-carton-cu-qiuan-2_det_001_paper.jpg,paper,cardboard,0.1765,UNCERTAIN,MISMATCH,0.1765,0.1589,0.1649,0.1713,0.1623,0.166
torn-news-paper-on-transparent-background_10895613.png!w700wp_det_001_trash.jpg,D:\DACN\week4\crops\torn-news-paper-on-transparent-background_10895613.png!w700wp_det_001_trash.jpg,trash,paper,0.1747,UNCERTAIN,MISMATCH,0.1698,0.1627,0.1635,0.1747,0.1644,0.1649
trash_1789393039233_285425636973233444_5944122805105729455_8627e57488d3d10ea031fa30870cdab8_crop_001.jpg,D:\DACN\week4\crops\trash_1789393039233_285425636973233444_5944122805105729455_8627e57488d3d10ea031fa30870cdab8_crop_001.jpg,unknown,plastic,0.1718,UNCERTAIN,MISMATCH,0.1617,0.1707,0.1647,0.1642,0.1718,0.1669
trash_1789393039233_285425636973233444_5944122805105729455_8627e57488d3d10ea031fa30870cdab8_crop_002.jpg,D:\DACN\week4\crops\trash_1789393039233_285425636973233444_5944122805105729455_8627e57488d3d10ea031fa30870cdab8_crop_002.jpg,unknown,trash,0.1689,UNCERTAIN,MISMATCH,0.1645,0.1665,0.1678,0.1654,0.1668,0.1689
trash_1789393039233_285425636973233444_5944122805105729455_8627e57488d3d10ea031fa30870cdab8_crop_004.jpg,D:\DACN\week4\crops\trash_1789393039233_285425636973233444_5944122805105729455_8627e57488d3d10ea031fa30870cdab8_crop_004.jpg,unknown,paper,0.1687,UNCERTAIN,MISMATCH,0.1668,0.1657,0.1662,0.1687,0.1667,0.1658
waste-materials-in-waste-576x432_det_001_metal.jpg,D:\DACN\week4\crops\waste-materials-in-waste-576x432_det_001_metal.jpg,metal,metal,0.1709,UNCERTAIN,MATCH,0.1667,0.1645,0.1709,0.1663,0.1654,0.1662
waste-materials-in-waste-576x432_det_002_glass.jpg,D:\DACN\week4\crops\waste-materials-in-waste-576x432_det_002_glass.jpg,glass,metal,0.1702,UNCERTAIN,MISMATCH,0.1671,0.1644,0.1702,0.1673,0.1646,0.1664
waste-newspaper-scraps-154_det_001_metal.jpg,D:\DACN\week4\crops\waste-newspaper-scraps-154_det_001_metal.jpg,metal,paper,0.1742,UNCERTAIN,MISMATCH,0.1674,0.1625,0.1644,0.1742,0.1649,0.1666
waste-paper-on-white-background-260nw-98298224_det_001_metal.jpg,D:\DACN\week4\crops\waste-paper-on-white-background-260nw-98298224_det_001_metal.jpg,metal,paper,0.1768,UNCERTAIN,MISMATCH,0.167,0.161,0.1627,0.1768,0.1642,0.1684
waste-paper-products-on-white-260nw-47965312_det_001_glass.jpg,D:\DACN\week4\crops\waste-paper-products-on-white-260nw-47965312_det_001_glass.jpg,glass,paper,0.1744,UNCERTAIN,MISMATCH,0.1681,0.1611,0.1656,0.1744,0.1633,0.1675
Ảnh chụp màn hình 2026-09-27 213909_det_001_glass.jpg,D:\DACN\week4\crops\Ảnh chụp màn hình 2026-09-27 213909_det_001_glass.jpg,glass,cardboard,0.1732,UNCERTAIN,MISMATCH,0.1732,0.1631,0.1657,0.1677,0.1648,0.1654
