image_name,dataset_class,yolo_class_id,yolo_class,yolo_confidence,x1,y1,x2,y2,crop_path,vlm_class,vlm_confidence,vlm_status,mapping_result,cardboard_prob,glass_prob,metal_prob,paper_prob,plastic_prob,trash_prob
1789392456401_285425636973233444_5944122805105729455_77eed46beee5042954a669e13cf558de.jpg,images,2,metal,0.5778,206,322,483,791,D:\DACN\week4\crops\1789392456401_285425636973233444_5944122805105729455_77eed46beee5042954a669e13cf558de_det_001_metal.jpg,cardboard,0.169,UNCERTAIN,MISMATCH,0.169,0.1641,0.1651,0.166,0.1676,0.1682
1789392456431_285425636973233444_5944122805105729455_1f2e177a6f32f20c1ca2a55579c3d7fa.jpg,images,5,trash,0.7002,143,338,418,682,D:\DACN\week4\crops\1789392456431_285425636973233444_5944122805105729455_1f2e177a6f32f20c1ca2a55579c3d7fa_det_001_trash.jpg,cardboard,0.1695,UNCERTAIN,MISMATCH,0.1695,0.1634,0.1681,0.1657,0.1657,0.1676
1789392456462_285425636973233444_5944122805105729455_8c8485b2f9e0c0e169894550f94bceb1.jpg,images,5,trash,0.7844,175,515,383,688,D:\DACN\week4\crops\1789392456462_285425636973233444_5944122805105729455_8c8485b2f9e0c0e169894550f94bceb1_det_001_trash.jpg,paper,0.172,UNCERTAIN,MISMATCH,0.1697,0.1635,0.1645,0.172,0.1653,0.1649
1789392456462_285425636973233444_5944122805105729455_8c8485b2f9e0c0e169894550f94bceb1.jpg,images,5,trash,0.71,163,939,248,1029,D:\DACN\week4\crops\1789392456462_285425636973233444_5944122805105729455_8c8485b2f9e0c0e169894550f94bceb1_det_002_trash.jpg,plastic,0.1683,UNCERTAIN,MISMATCH,0.1646,0.166,0.1673,0.1676,0.1683,0.1663
1789392456485_285425636973233444_5944122805105729455_bc8854de21bfc249237bc38dcad6bf8f.jpg,images,5,trash,0.6521,118,412,382,792,D:\DACN\week4\crops\1789392456485_285425636973233444_5944122805105729455_bc8854de21bfc249237bc38dcad6bf8f_det_001_trash.jpg,cardboard,0.1697,UNCERTAIN,MISMATCH,0.1697,0.1631,0.1625,0.169,0.1673,0.1683
1789392456509_285425636973233444_5944122805105729455_ae6f6f8cd8e1cc9ef7d656ecfe4c7fed.jpg,images,5,trash,0.857,260,557,360,691,D:\DACN\week4\crops\1789392456509_285425636973233444_5944122805105729455_ae6f6f8cd8e1cc9ef7d656ecfe4c7fed_det_001_trash.jpg,paper,0.1692,UNCERTAIN,MISMATCH,0.1655,0.1664,0.1659,0.1692,0.1675,0.1656
1789392456532_285425636973233444_5944122805105729455_016caaf3a65e60cccf669fef9299cd14.jpg,images,5,trash,0.7178,23,449,502,869,D:\DACN\week4\crops\1789392456532_285425636973233444_5944122805105729455_016caaf3a65e60cccf669fef9299cd14_det_001_trash.jpg,paper,0.1712,UNCERTAIN,MISMATCH,0.1663,0.1644,0.1636,0.1712,0.1682,0.1664
1789392456532_285425636973233444_5944122805105729455_016caaf3a65e60cccf669fef9299cd14.jpg,images,5,trash,0.5981,26,317,538,826,D:\DACN\week4\crops\1789392456532_285425636973233444_5944122805105729455_016caaf3a65e60cccf669fef9299cd14_det_002_trash.jpg,paper,0.171,UNCERTAIN,MISMATCH,0.1656,0.165,0.1627,0.171,0.1676,0.1681
1789392456558_285425636973233444_5944122805105729455_326cc50f4dac2c9fe009c50c4a696c49.jpg,images,5,trash,0.8999,273,565,410,704,D:\DACN\week4\crops\1789392456558_285425636973233444_5944122805105729455_326cc50f4dac2c9fe009c50c4a696c49_det_001_trash.jpg,paper,0.1692,UNCERTAIN,MISMATCH,0.1642,0.1665,0.1638,0.1692,0.1676,0.1687
1789392456580_285425636973233444_5944122805105729455_bbba01931b1a07a0e1d407963c65f350.jpg,images,5,trash,0.4021,268,543,495,844,D:\DACN\week4\crops\1789392456580_285425636973233444_5944122805105729455_bbba01931b1a07a0e1d407963c65f350_det_001_trash.jpg,paper,0.1711,UNCERTAIN,MISMATCH,0.1657,0.1661,0.1701,0.1711,0.1644,0.1625
1789392456602_285425636973233444_5944122805105729455_5c25c6da98053c985b04f7b4694db4a4.jpg,images,5,trash,0.9688,129,484,350,784,D:\DACN\week4\crops\1789392456602_285425636973233444_5944122805105729455_5c25c6da98053c985b04f7b4694db4a4_det_001_trash.jpg,paper,0.1682,UNCERTAIN,MISMATCH,0.1672,0.166,0.1659,0.1682,0.1663,0.1665
1789392456602_285425636973233444_5944122805105729455_5c25c6da98053c985b04f7b4694db4a4.jpg,images,5,trash,0.8089,338,118,455,266,D:\DACN\week4\crops\1789392456602_285425636973233444_5944122805105729455_5c25c6da98053c985b04f7b4694db4a4_det_002_trash.jpg,paper,0.1679,UNCERTAIN,MISMATCH,0.1633,0.1676,0.1663,0.1679,0.1679,0.1669
1789392456651_285425636973233444_5944122805105729455_cf1bb468fe80b16b196dbd4fe36f76b9.jpg,images,5,trash,0.943,77,435,457,744,D:\DACN\week4\crops\1789392456651_285425636973233444_5944122805105729455_cf1bb468fe80b16b196dbd4fe36f76b9_det_001_trash.jpg,plastic,0.1689,UNCERTAIN,MISMATCH,0.1641,0.1662,0.1651,0.1683,0.1689,0.1673
1789392492874_285425636973233444_5944122805105729455_c3dba5489d526bb8fe562d37a6bb7196.jpg,images,5,trash,0.595,36,286,520,914,D:\DACN\week4\crops\1789392492874_285425636973233444_5944122805105729455_c3dba5489d526bb8fe562d37a6bb7196_det_001_trash.jpg,trash,0.169,UNCERTAIN,MATCH,0.1657,0.1632,0.1676,0.1682,0.1664,0.169
1789392492874_285425636973233444_5944122805105729455_c3dba5489d526bb8fe562d37a6bb7196.jpg,images,5,trash,0.4064,220,637,494,920,D:\DACN\week4\crops\1789392492874_285425636973233444_5944122805105729455_c3dba5489d526bb8fe562d37a6bb7196_det_002_trash.jpg,metal,0.17,UNCERTAIN,MISMATCH,0.1636,0.1669,0.17,0.167,0.1661,0.1664
1789392492897_285425636973233444_5944122805105729455_c2c0e89f8303c51a186c863a290c047a.jpg,images,5,trash,0.4549,142,478,433,837,D:\DACN\week4\crops\1789392492897_285425636973233444_5944122805105729455_c2c0e89f8303c51a186c863a290c047a_det_001_trash.jpg,plastic,0.1689,UNCERTAIN,MISMATCH,0.1653,0.1655,0.166,0.1675,0.1689,0.1668
1789392492922_285425636973233444_5944122805105729455_310bf1bf99cd8f6478929a7a8f237fa8.jpg,images,5,trash,0.9794,74,319,538,790,D:\DACN\week4\crops\1789392492922_285425636973233444_5944122805105729455_310bf1bf99cd8f6478929a7a8f237fa8_det_001_trash.jpg,glass,0.1713,UNCERTAIN,MISMATCH,0.1644,0.1713,0.1649,0.1648,0.1707,0.1639
1789392492945_285425636973233444_5944122805105729455_7f67b588032d1497be043ff6b3b2e993.jpg,images,5,trash,0.8655,183,563,270,765,D:\DACN\week4\crops\1789392492945_285425636973233444_5944122805105729455_7f67b588032d1497be043ff6b3b2e993_det_001_trash.jpg,metal,0.1678,UNCERTAIN,MISMATCH,0.1675,0.1654,0.1678,0.1651,0.1674,0.1666
1789392492967_285425636973233444_5944122805105729455_2f4ed85584bf2846114dbd5c59144242.jpg,images,5,trash,0.9417,202,406,412,628,D:\DACN\week4\crops\1789392492967_285425636973233444_5944122805105729455_2f4ed85584bf2846114dbd5c59144242_det_001_trash.jpg,plastic,0.1685,UNCERTAIN,MISMATCH,0.1651,0.1658,0.1676,0.1655,0.1685,0.1675
1789392492989_285425636973233444_5944122805105729455_84ebd5fe47e1285fe188fc1522dcdaba.jpg,images,5,trash,0.9392,158,510,374,735,D:\DACN\week4\crops\1789392492989_285425636973233444_5944122805105729455_84ebd5fe47e1285fe188fc1522dcdaba_det_001_trash.jpg,trash,0.1703,UNCERTAIN,MATCH,0.1634,0.1645,0.1664,0.1669,0.1686,0.1703
1789392493014_285425636973233444_5944122805105729455_e38d77ca98121376ccad82eb2bb53b95.jpg,images,5,trash,0.9132,132,577,370,866,D:\DACN\week4\crops\1789392493014_285425636973233444_5944122805105729455_e38d77ca98121376ccad82eb2bb53b95_det_001_trash.jpg,plastic,0.1715,UNCERTAIN,MISMATCH,0.1603,0.1679,0.1669,0.1666,0.1715,0.1668
1789392493014_285425636973233444_5944122805105729455_e38d77ca98121376ccad82eb2bb53b95.jpg,images,5,trash,0.6877,268,474,393,686,D:\DACN\week4\crops\1789392493014_285425636973233444_5944122805105729455_e38d77ca98121376ccad82eb2bb53b95_det_002_trash.jpg,paper,0.1714,UNCERTAIN,MISMATCH,0.1673,0.1628,0.1642,0.1714,0.1671,0.1671
1789392493037_285425636973233444_5944122805105729455_6394096982a892eb043bbc8e6c1d5f6a.jpg,images,5,trash,0.9555,250,545,403,826,D:\DACN\week4\crops\1789392493037_285425636973233444_5944122805105729455_6394096982a892eb043bbc8e6c1d5f6a_det_001_trash.jpg,paper,0.1703,UNCERTAIN,MISMATCH,0.1692,0.1621,0.1623,0.1703,0.1676,0.1685
1789392493037_285425636973233444_5944122805105729455_6394096982a892eb043bbc8e6c1d5f6a.jpg,images,5,trash,0.7283,228,228,395,398,D:\DACN\week4\crops\1789392493037_285425636973233444_5944122805105729455_6394096982a892eb043bbc8e6c1d5f6a_det_002_trash.jpg,trash,0.1673,UNCERTAIN,MATCH,0.1671,0.1664,0.1673,0.1662,0.1656,0.1673
1789392493062_285425636973233444_5944122805105729455_a57ef3ed4328db91634f883b303631b7.jpg,images,5,trash,0.9559,203,674,398,874,D:\DACN\week4\crops\1789392493062_285425636973233444_5944122805105729455_a57ef3ed4328db91634f883b303631b7_det_001_trash.jpg,plastic,0.1691,UNCERTAIN,MISMATCH,0.1634,0.1656,0.1661,0.1685,0.1691,0.1673
1789392493062_285425636973233444_5944122805105729455_a57ef3ed4328db91634f883b303631b7.jpg,images,5,trash,0.3194,0,735,132,901,D:\DACN\week4\crops\1789392493062_285425636973233444_5944122805105729455_a57ef3ed4328db91634f883b303631b7_det_002_trash.jpg,paper,0.1697,UNCERTAIN,MISMATCH,0.1662,0.1645,0.1664,0.1697,0.1667,0.1664
1789392493089_285425636973233444_5944122805105729455_6c3971b657b926968a0aa66e448fac04.jpg,images,5,trash,0.837,132,416,367,740,D:\DACN\week4\crops\1789392493089_285425636973233444_5944122805105729455_6c3971b657b926968a0aa66e448fac04_det_001_trash.jpg,trash,0.1695,UNCERTAIN,MATCH,0.1652,0.1645,0.1648,0.1673,0.1686,0.1695
1789392493113_285425636973233444_5944122805105729455_bad4d34f012cf89b6e886052ce937679.jpg,images,5,trash,0.9486,136,431,408,631,D:\DACN\week4\crops\1789392493113_285425636973233444_5944122805105729455_bad4d34f012cf89b6e886052ce937679_det_001_trash.jpg,paper,0.169,UNCERTAIN,MISMATCH,0.1671,0.1637,0.1638,0.169,0.168,0.1685
1789392493136_285425636973233444_5944122805105729455_82ebb8393779fb71a478efbf2f0a07c7.jpg,images,5,trash,0.8947,135,502,388,733,D:\DACN\week4\crops\1789392493136_285425636973233444_5944122805105729455_82ebb8393779fb71a478efbf2f0a07c7_det_001_trash.jpg,plastic,0.1695,UNCERTAIN,MISMATCH,0.1656,0.1648,0.1651,0.1694,0.1695,0.1655
1789392493164_285425636973233444_5944122805105729455_7fc3940c49c3d68b87626c529f21c991.jpg,images,5,trash,0.8974,148,422,409,695,D:\DACN\week4\crops\1789392493164_285425636973233444_5944122805105729455_7fc3940c49c3d68b87626c529f21c991_det_001_trash.jpg,plastic,0.1678,UNCERTAIN,MISMATCH,0.1661,0.1667,0.1661,0.1666,0.1678,0.1667
1789392493186_285425636973233444_5944122805105729455_4e64b7993dd97cdd2d6942474ba48fe5.jpg,images,5,trash,0.8411,134,400,502,858,D:\DACN\week4\crops\1789392493186_285425636973233444_5944122805105729455_4e64b7993dd97cdd2d6942474ba48fe5_det_001_trash.jpg,trash,0.1687,UNCERTAIN,MATCH,0.1681,0.1636,0.166,0.1667,0.1669,0.1687
1789392493209_285425636973233444_5944122805105729455_852133de602dfdf1502122588b7c07d0.jpg,images,5,trash,0.4026,2,241,140,449,D:\DACN\week4\crops\1789392493209_285425636973233444_5944122805105729455_852133de602dfdf1502122588b7c07d0_det_001_trash.jpg,plastic,0.1681,UNCERTAIN,MISMATCH,0.1639,0.1675,0.1655,0.1677,0.1681,0.1673
1789392493209_285425636973233444_5944122805105729455_852133de602dfdf1502122588b7c07d0.jpg,images,5,trash,0.3233,1,298,134,447,D:\DACN\week4\crops\1789392493209_285425636973233444_5944122805105729455_852133de602dfdf1502122588b7c07d0_det_002_trash.jpg,plastic,0.169,UNCERTAIN,MISMATCH,0.1635,0.1679,0.1648,0.1678,0.169,0.1669
1789392493209_285425636973233444_5944122805105729455_852133de602dfdf1502122588b7c07d0.jpg,images,5,trash,0.3157,479,171,544,265,D:\DACN\week4\crops\1789392493209_285425636973233444_5944122805105729455_852133de602dfdf1502122588b7c07d0_det_003_trash.jpg,glass,0.1683,UNCERTAIN,MISMATCH,0.1642,0.1683,0.1664,0.1661,0.1682,0.1667
1789392493231_285425636973233444_5944122805105729455_9bec4fe5561354037679c7394fb8412f.jpg,images,5,trash,0.8917,0,255,497,847,D:\DACN\week4\crops\1789392493231_285425636973233444_5944122805105729455_9bec4fe5561354037679c7394fb8412f_det_001_trash.jpg,trash,0.1698,UNCERTAIN,MATCH,0.1652,0.1636,0.1663,0.1665,0.1685,0.1698
1789392493253_285425636973233444_5944122805105729455_039b60161ec921364a367350d55f5ba3.jpg,images,5,trash,0.8557,84,434,188,569,D:\DACN\week4\crops\1789392493253_285425636973233444_5944122805105729455_039b60161ec921364a367350d55f5ba3_det_001_trash.jpg,plastic,0.1688,UNCERTAIN,MISMATCH,0.1644,0.1665,0.1671,0.1676,0.1688,0.1655
1789392493253_285425636973233444_5944122805105729455_039b60161ec921364a367350d55f5ba3.jpg,images,5,trash,0.7753,106,465,446,797,D:\DACN\week4\crops\1789392493253_285425636973233444_5944122805105729455_039b60161ec921364a367350d55f5ba3_det_002_trash.jpg,plastic,0.1721,UNCERTAIN,MISMATCH,0.162,0.1704,0.1637,0.1662,0.1721,0.1656
1789392493275_285425636973233444_5944122805105729455_1fc86f3cd63b32149e869041e366cdfe.jpg,images,5,trash,0.8685,8,394,345,714,D:\DACN\week4\crops\1789392493275_285425636973233444_5944122805105729455_1fc86f3cd63b32149e869041e366cdfe_det_001_trash.jpg,trash,0.1699,UNCERTAIN,MATCH,0.1665,0.1641,0.1626,0.1684,0.1685,0.1699
1789392493302_285425636973233444_5944122805105729455_3e3b9727ae26585ce3352884bfb69f07.jpg,images,5,trash,0.7375,77,539,454,719,D:\DACN\week4\crops\1789392493302_285425636973233444_5944122805105729455_3e3b9727ae26585ce3352884bfb69f07_det_001_trash.jpg,plastic,0.1696,UNCERTAIN,MISMATCH,0.165,0.1648,0.165,0.1671,0.1696,0.1684
1789392493302_285425636973233444_5944122805105729455_3e3b9727ae26585ce3352884bfb69f07.jpg,images,5,trash,0.3134,279,91,493,245,D:\DACN\week4\crops\1789392493302_285425636973233444_5944122805105729455_3e3b9727ae26585ce3352884bfb69f07_det_002_trash.jpg,plastic,0.1685,UNCERTAIN,MISMATCH,0.1641,0.1668,0.1674,0.1672,0.1685,0.1661
1789392493324_285425636973233444_5944122805105729455_10f28b19db9731b0a24f75309ca853fa.jpg,images,5,trash,0.8929,428,88,863,414,D:\DACN\week4\crops\1789392493324_285425636973233444_5944122805105729455_10f28b19db9731b0a24f75309ca853fa_det_001_trash.jpg,plastic,0.1702,UNCERTAIN,MISMATCH,0.1644,0.1686,0.1659,0.1672,0.1702,0.1636
1789392493347_285425636973233444_5944122805105729455_f60f27f7226e9a19a5691337d807d4f6.jpg,images,5,trash,0.7677,118,523,387,632,D:\DACN\week4\crops\1789392493347_285425636973233444_5944122805105729455_f60f27f7226e9a19a5691337d807d4f6_det_001_trash.jpg,glass,0.1713,UNCERTAIN,MISMATCH,0.1637,0.1713,0.1653,0.1652,0.1695,0.1651
1789392493369_285425636973233444_5944122805105729455_78acc3724f3931f391fe61d014896235.jpg,images,5,trash,0.5083,193,347,314,854,D:\DACN\week4\crops\1789392493369_285425636973233444_5944122805105729455_78acc3724f3931f391fe61d014896235_det_001_trash.jpg,plastic,0.1694,UNCERTAIN,MISMATCH,0.1638,0.1683,0.1637,0.1684,0.1694,0.1664
1789392493391_285425636973233444_5944122805105729455_a6819157f39cefec76830d0fb70e8c11.jpg,images,5,trash,0.8531,137,458,460,807,D:\DACN\week4\crops\1789392493391_285425636973233444_5944122805105729455_a6819157f39cefec76830d0fb70e8c11_det_001_trash.jpg,plastic,0.1715,UNCERTAIN,MISMATCH,0.163,0.1675,0.1641,0.166,0.1715,0.1679
1789392493391_285425636973233444_5944122805105729455_a6819157f39cefec76830d0fb70e8c11.jpg,images,5,trash,0.253,0,473,137,732,D:\DACN\week4\crops\1789392493391_285425636973233444_5944122805105729455_a6819157f39cefec76830d0fb70e8c11_det_002_trash.jpg,glass,0.1698,UNCERTAIN,MISMATCH,0.1607,0.1698,0.1698,0.1668,0.1681,0.1648
1789392493436_285425636973233444_5944122805105729455_959183eac705976110dc1d07584fd1d7.jpg,images,5,trash,0.8636,117,492,446,729,D:\DACN\week4\crops\1789392493436_285425636973233444_5944122805105729455_959183eac705976110dc1d07584fd1d7_det_001_trash.jpg,plastic,0.1684,UNCERTAIN,MISMATCH,0.1658,0.1653,0.1642,0.1681,0.1684,0.1682
1789392493458_285425636973233444_5944122805105729455_db069f1b348b6c676427f2018ce3fbc9.jpg,images,5,trash,0.8684,185,376,384,683,D:\DACN\week4\crops\1789392493458_285425636973233444_5944122805105729455_db069f1b348b6c676427f2018ce3fbc9_det_001_trash.jpg,trash,0.1703,UNCERTAIN,MATCH,0.1644,0.1636,0.1664,0.1675,0.1679,0.1703
1789392493458_285425636973233444_5944122805105729455_db069f1b348b6c676427f2018ce3fbc9.jpg,images,5,trash,0.3781,314,134,371,193,D:\DACN\week4\crops\1789392493458_285425636973233444_5944122805105729455_db069f1b348b6c676427f2018ce3fbc9_det_002_trash.jpg,glass,0.1712,UNCERTAIN,MISMATCH,0.1626,0.1712,0.166,0.1647,0.1695,0.1661
1789392493480_285425636973233444_5944122805105729455_fbe4ced385a228041f9b81f8391dbfe6.jpg,images,5,trash,0.9147,63,316,527,830,D:\DACN\week4\crops\1789392493480_285425636973233444_5944122805105729455_fbe4ced385a228041f9b81f8391dbfe6_det_001_trash.jpg,paper,0.171,UNCERTAIN,MISMATCH,0.1649,0.1643,0.162,0.171,0.169,0.1689
1789392493502_285425636973233444_5944122805105729455_3e3cc5a579c230765f2dcb00258ce3e3.jpg,images,5,trash,0.9805,112,481,373,731,D:\DACN\week4\crops\1789392493502_285425636973233444_5944122805105729455_3e3cc5a579c230765f2dcb00258ce3e3_det_001_trash.jpg,trash,0.1692,UNCERTAIN,MATCH,0.1649,0.1656,0.1636,0.1681,0.1686,0.1692
1789392493525_285425636973233444_5944122805105729455_b80ab3c16a3ea8ffbef021cc49519de9.jpg,images,5,trash,0.9465,47,336,479,646,D:\DACN\week4\crops\1789392493525_285425636973233444_5944122805105729455_b80ab3c16a3ea8ffbef021cc49519de9_det_001_trash.jpg,paper,0.1695,UNCERTAIN,MISMATCH,0.1664,0.1648,0.1649,0.1695,0.1669,0.1675
1789392493546_285425636973233444_5944122805105729455_e86c02e19ca3cd8a0d8e83c5e9acec39.jpg,images,5,trash,0.9009,149,466,448,832,D:\DACN\week4\crops\1789392493546_285425636973233444_5944122805105729455_e86c02e19ca3cd8a0d8e83c5e9acec39_det_001_trash.jpg,plastic,0.171,UNCERTAIN,MISMATCH,0.1632,0.1698,0.1636,0.167,0.171,0.1653
1789392493546_285425636973233444_5944122805105729455_e86c02e19ca3cd8a0d8e83c5e9acec39.jpg,images,5,trash,0.2562,178,1002,310,1169,D:\DACN\week4\crops\1789392493546_285425636973233444_5944122805105729455_e86c02e19ca3cd8a0d8e83c5e9acec39_det_002_trash.jpg,cardboard,0.1683,UNCERTAIN,MISMATCH,0.1683,0.1644,0.1673,0.168,0.1662,0.1658
1789392493569_285425636973233444_5944122805105729455_a792673916200d47337ca89e1f58aea1.jpg,images,5,trash,0.9232,501,121,783,401,D:\DACN\week4\crops\1789392493569_285425636973233444_5944122805105729455_a792673916200d47337ca89e1f58aea1_det_001_trash.jpg,paper,0.1691,UNCERTAIN,MISMATCH,0.1648,0.1645,0.1649,0.1691,0.1688,0.1679
1789392493591_285425636973233444_5944122805105729455_83564fcf8582b164181829e9a8ab44d0.jpg,images,5,trash,0.9312,110,469,423,822,D:\DACN\week4\crops\1789392493591_285425636973233444_5944122805105729455_83564fcf8582b164181829e9a8ab44d0_det_001_trash.jpg,paper,0.1707,UNCERTAIN,MISMATCH,0.1675,0.1645,0.1641,0.1707,0.1683,0.1649
1789392493613_285425636973233444_5944122805105729455_5bbb222d6bca5823cc417c055b5cfd88.jpg,images,5,trash,0.9085,595,240,743,468,D:\DACN\week4\crops\1789392493613_285425636973233444_5944122805105729455_5bbb222d6bca5823cc417c055b5cfd88_det_001_trash.jpg,paper,0.1696,UNCERTAIN,MISMATCH,0.1651,0.1636,0.1638,0.1696,0.169,0.1689
1789392493636_285425636973233444_5944122805105729455_b5362d955595fdb63d58350a61a1c149.jpg,images,5,trash,0.7764,98,363,363,717,D:\DACN\week4\crops\1789392493636_285425636973233444_5944122805105729455_b5362d955595fdb63d58350a61a1c149_det_001_trash.jpg,paper,0.1698,UNCERTAIN,MISMATCH,0.1654,0.1649,0.1639,0.1698,0.1692,0.1667
1789392493658_285425636973233444_5944122805105729455_ec74218c5c797a6b6681af748365bf62.jpg,images,5,trash,0.9332,85,315,545,823,D:\DACN\week4\crops\1789392493658_285425636973233444_5944122805105729455_ec74218c5c797a6b6681af748365bf62_det_001_trash.jpg,trash,0.1692,UNCERTAIN,MATCH,0.168,0.1638,0.1656,0.1675,0.1659,0.1692
1789393039233_285425636973233444_5944122805105729455_8627e57488d3d10ea031fa30870cdab8.jpg,images,5,trash,0.4929,310,229,688,438,D:\DACN\week4\crops\1789393039233_285425636973233444_5944122805105729455_8627e57488d3d10ea031fa30870cdab8_det_001_trash.jpg,plastic,0.1718,UNCERTAIN,MISMATCH,0.1617,0.1707,0.1647,0.1642,0.1718,0.1669
1789393039233_285425636973233444_5944122805105729455_8627e57488d3d10ea031fa30870cdab8.jpg,images,5,trash,0.3965,1137,388,1280,582,D:\DACN\week4\crops\1789393039233_285425636973233444_5944122805105729455_8627e57488d3d10ea031fa30870cdab8_det_002_trash.jpg,trash,0.1689,UNCERTAIN,MATCH,0.1645,0.1665,0.1678,0.1654,0.1668,0.1689
1789393039233_285425636973233444_5944122805105729455_8627e57488d3d10ea031fa30870cdab8.jpg,images,1,glass,0.3791,0,0,256,458,D:\DACN\week4\crops\1789393039233_285425636973233444_5944122805105729455_8627e57488d3d10ea031fa30870cdab8_det_003_glass.jpg,plastic,0.1696,UNCERTAIN,MISMATCH,0.1644,0.1684,0.1684,0.165,0.1696,0.1642
1789393039233_285425636973233444_5944122805105729455_8627e57488d3d10ea031fa30870cdab8.jpg,images,5,trash,0.2934,687,0,868,253,D:\DACN\week4\crops\1789393039233_285425636973233444_5944122805105729455_8627e57488d3d10ea031fa30870cdab8_det_004_trash.jpg,paper,0.1687,UNCERTAIN,MISMATCH,0.1668,0.1657,0.1662,0.1687,0.1667,0.1658
1789393039259_285425636973233444_5944122805105729455_bbe96c43ab172fea68b68c1de831604b.jpg,images,5,trash,0.9739,209,445,376,695,D:\DACN\week4\crops\1789393039259_285425636973233444_5944122805105729455_bbe96c43ab172fea68b68c1de831604b_det_001_trash.jpg,plastic,0.1711,UNCERTAIN,MISMATCH,0.1623,0.168,0.1643,0.1673,0.1711,0.167
1789393039259_285425636973233444_5944122805105729455_bbe96c43ab172fea68b68c1de831604b.jpg,images,5,trash,0.9073,0,769,170,948,D:\DACN\week4\crops\1789393039259_285425636973233444_5944122805105729455_bbe96c43ab172fea68b68c1de831604b_det_002_trash.jpg,glass,0.1691,UNCERTAIN,MISMATCH,0.1641,0.1691,0.1649,0.168,0.1686,0.1653
1789393039259_285425636973233444_5944122805105729455_bbe96c43ab172fea68b68c1de831604b.jpg,images,5,trash,0.6681,376,804,495,984,D:\DACN\week4\crops\1789393039259_285425636973233444_5944122805105729455_bbe96c43ab172fea68b68c1de831604b_det_003_trash.jpg,plastic,0.1693,UNCERTAIN,MISMATCH,0.1636,0.1676,0.1676,0.1651,0.1693,0.167
1789393039259_285425636973233444_5944122805105729455_bbe96c43ab172fea68b68c1de831604b.jpg,images,5,trash,0.6285,146,55,249,181,D:\DACN\week4\crops\1789393039259_285425636973233444_5944122805105729455_bbe96c43ab172fea68b68c1de831604b_det_004_trash.jpg,metal,0.17,UNCERTAIN,MISMATCH,0.16,0.1691,0.17,0.1646,0.1699,0.1664
1789393039259_285425636973233444_5944122805105729455_bbe96c43ab172fea68b68c1de831604b.jpg,images,5,trash,0.2584,157,95,252,175,D:\DACN\week4\crops\1789393039259_285425636973233444_5944122805105729455_bbe96c43ab172fea68b68c1de831604b_det_005_trash.jpg,plastic,0.1703,UNCERTAIN,MISMATCH,0.1623,0.1702,0.167,0.1654,0.1703,0.1648
1789393039281_285425636973233444_5944122805105729455_14bb1a097206362bf44434aaeddc7056.jpg,images,5,trash,0.463,105,301,522,947,D:\DACN\week4\crops\1789393039281_285425636973233444_5944122805105729455_14bb1a097206362bf44434aaeddc7056_det_001_trash.jpg,metal,0.1704,UNCERTAIN,MISMATCH,0.1652,0.1672,0.1704,0.166,0.1662,0.165
1789393039305_285425636973233444_5944122805105729455_2cc12b5220cc65f60d946e953b5ea1e1.jpg,images,5,trash,0.8376,94,380,420,688,D:\DACN\week4\crops\1789393039305_285425636973233444_5944122805105729455_2cc12b5220cc65f60d946e953b5ea1e1_det_001_trash.jpg,glass,0.1726,UNCERTAIN,MISMATCH,0.1602,0.1726,0.1657,0.1656,0.1715,0.1643
1789393039332_285425636973233444_5944122805105729455_5464ff35d56aa025962d575f18590103.jpg,images,5,trash,0.4748,239,541,445,698,D:\DACN\week4\crops\1789393039332_285425636973233444_5944122805105729455_5464ff35d56aa025962d575f18590103_det_001_trash.jpg,glass,0.1731,UNCERTAIN,MISMATCH,0.1585,0.1731,0.1671,0.1636,0.1729,0.1648
1789393039360_285425636973233444_5944122805105729455_a20e8405ab5007eb730db989b75be53a.jpg,images,5,trash,0.8286,166,407,507,776,D:\DACN\week4\crops\1789393039360_285425636973233444_5944122805105729455_a20e8405ab5007eb730db989b75be53a_det_001_trash.jpg,glass,0.1743,UNCERTAIN,MISMATCH,0.1599,0.1743,0.1673,0.163,0.1715,0.164
1789393039382_285425636973233444_5944122805105729455_ae2ed7149c85e482b4a4db571341dcae.jpg,images,5,trash,0.6837,189,520,358,780,D:\DACN\week4\crops\1789393039382_285425636973233444_5944122805105729455_ae2ed7149c85e482b4a4db571341dcae_det_001_trash.jpg,glass,0.1708,UNCERTAIN,MISMATCH,0.1633,0.1708,0.1689,0.1661,0.168,0.1629
1789393039382_285425636973233444_5944122805105729455_ae2ed7149c85e482b4a4db571341dcae.jpg,images,5,trash,0.5605,513,1,582,128,D:\DACN\week4\crops\1789393039382_285425636973233444_5944122805105729455_ae2ed7149c85e482b4a4db571341dcae_det_002_trash.jpg,glass,0.171,UNCERTAIN,MISMATCH,0.1626,0.171,0.1653,0.1668,0.1698,0.1645
black_and_white_paper_1706eb7bd1.jpg,images,3,paper,0.4877,10,52,481,306,D:\DACN\week4\crops\black_and_white_paper_1706eb7bd1_det_001_paper.jpg,paper,0.176,UNCERTAIN,MATCH,0.1666,0.1621,0.1649,0.176,0.1629,0.1674
bundle-of-newspapers-for-recycling-silhouetted-on-white-background-AH26B3.jpg,images,3,paper,0.4467,58,63,1300,833,D:\DACN\week4\crops\bundle-of-newspapers-for-recycling-silhouetted-on-white-background-AH26B3_det_001_paper.jpg,paper,0.1725,UNCERTAIN,MATCH,0.167,0.1631,0.1655,0.1725,0.1644,0.1674
Bản sao của IMG20260911163628.jpg,images,5,trash,0.7017,592,1651,1124,2496,D:\DACN\week4\crops\Bản sao của IMG20260911163628_det_001_trash.jpg,glass,0.172,UNCERTAIN,MISMATCH,0.1622,0.172,0.1696,0.1649,0.1677,0.1637
Bản sao của IMG20260911163628.jpg,images,5,trash,0.5707,1641,3,1864,404,D:\DACN\week4\crops\Bản sao của IMG20260911163628_det_002_trash.jpg,plastic,0.1696,UNCERTAIN,MISMATCH,0.1636,0.1695,0.1641,0.1668,0.1696,0.1664
images (1).jpg,images,2,metal,0.7854,1,0,638,480,D:\DACN\week4\crops\images (1)_det_001_metal.jpg,paper,0.1737,UNCERTAIN,MISMATCH,0.1672,0.1621,0.1652,0.1737,0.1634,0.1683
images (1).jpg,images,3,paper,0.3404,3,8,636,480,D:\DACN\week4\crops\images (1)_det_002_paper.jpg,paper,0.174,UNCERTAIN,MATCH,0.1674,0.162,0.165,0.174,0.1633,0.1682
images (10).jpg,images,2,metal,0.731,0,0,554,540,D:\DACN\week4\crops\images (10)_det_001_metal.jpg,paper,0.1727,UNCERTAIN,MISMATCH,0.1684,0.1646,0.165,0.1727,0.1627,0.1666
images (10).jpg,images,3,paper,0.3999,1,15,554,545,D:\DACN\week4\crops\images (10)_det_002_paper.jpg,paper,0.1729,UNCERTAIN,MATCH,0.1685,0.1646,0.1642,0.1729,0.1632,0.1666
images (11).jpg,images,2,metal,0.5776,0,77,554,499,D:\DACN\week4\crops\images (11)_det_001_metal.jpg,paper,0.1719,UNCERTAIN,MISMATCH,0.166,0.1646,0.1662,0.1719,0.1648,0.1665
images (12).jpg,images,3,paper,0.5182,4,24,554,539,D:\DACN\week4\crops\images (12)_det_001_paper.jpg,paper,0.1733,UNCERTAIN,MATCH,0.1685,0.1633,0.1648,0.1733,0.164,0.1661
images (12).jpg,images,2,metal,0.4783,5,28,554,538,D:\DACN\week4\crops\images (12)_det_002_metal.jpg,paper,0.1731,UNCERTAIN,MISMATCH,0.1683,0.1637,0.1648,0.1731,0.1641,0.1661
images (2).jpg,images,2,metal,0.6971,26,7,424,424,D:\DACN\week4\crops\images (2)_det_001_metal.jpg,paper,0.173,UNCERTAIN,MISMATCH,0.1667,0.1617,0.166,0.173,0.1642,0.1684
images (3).jpg,images,3,paper,0.6671,161,22,524,353,D:\DACN\week4\crops\images (3)_det_001_paper.jpg,paper,0.1742,UNCERTAIN,MATCH,0.1703,0.1605,0.1659,0.1742,0.1612,0.1679
images (3).jpg,images,2,metal,0.5408,164,46,523,354,D:\DACN\week4\crops\images (3)_det_002_metal.jpg,paper,0.1744,UNCERTAIN,MISMATCH,0.1699,0.1609,0.1656,0.1744,0.1614,0.1678
images (4).jpg,images,2,metal,0.6373,29,72,500,544,D:\DACN\week4\crops\images (4)_det_001_metal.jpg,paper,0.1729,UNCERTAIN,MISMATCH,0.1698,0.1618,0.1669,0.1729,0.1616,0.167
images (4).jpg,images,3,paper,0.3928,27,67,499,544,D:\DACN\week4\crops\images (4)_det_002_paper.jpg,paper,0.173,UNCERTAIN,MATCH,0.1697,0.1619,0.1666,0.173,0.1619,0.1669
images (5).jpg,images,2,metal,0.5297,109,13,634,390,D:\DACN\week4\crops\images (5)_det_001_metal.jpg,paper,0.1728,UNCERTAIN,MISMATCH,0.1713,0.1608,0.1645,0.1728,0.163,0.1676
images (5).jpg,images,3,paper,0.4229,84,5,631,391,D:\DACN\week4\crops\images (5)_det_002_paper.jpg,paper,0.1737,UNCERTAIN,MATCH,0.1715,0.1603,0.1638,0.1737,0.1633,0.1675
images (6).jpg,images,3,paper,0.4271,41,11,536,551,D:\DACN\week4\crops\images (6)_det_001_paper.jpg,paper,0.174,UNCERTAIN,MATCH,0.1707,0.1615,0.1636,0.174,0.165,0.1652
images (6).jpg,images,5,trash,0.3129,48,22,534,548,D:\DACN\week4\crops\images (6)_det_002_trash.jpg,paper,0.1737,UNCERTAIN,MISMATCH,0.1714,0.1615,0.1638,0.1737,0.1651,0.1645
images (7).jpg,images,2,metal,0.5399,97,58,530,344,D:\DACN\week4\crops\images (7)_det_001_metal.jpg,paper,0.175,UNCERTAIN,MISMATCH,0.1668,0.1635,0.1639,0.175,0.164,0.1668
images (7).jpg,images,3,paper,0.5224,97,49,530,344,D:\DACN\week4\crops\images (7)_det_002_paper.jpg,paper,0.1758,UNCERTAIN,MATCH,0.1672,0.1635,0.1631,0.1758,0.1642,0.1663
images (8).jpg,images,1,glass,0.4969,14,0,515,387,D:\DACN\week4\crops\images (8)_det_001_glass.jpg,paper,0.1745,UNCERTAIN,MISMATCH,0.1674,0.1627,0.1653,0.1745,0.1646,0.1655
images (8).jpg,images,2,metal,0.389,15,0,514,387,D:\DACN\week4\crops\images (8)_det_002_metal.jpg,paper,0.1745,UNCERTAIN,MISMATCH,0.1677,0.1627,0.1653,0.1745,0.1644,0.1654
images (9).jpg,images,3,paper,0.7348,0,0,554,551,D:\DACN\week4\crops\images (9)_det_001_paper.jpg,paper,0.1717,UNCERTAIN,MATCH,0.1697,0.1634,0.1657,0.1717,0.1641,0.1655
images (9).jpg,images,2,metal,0.6067,0,0,554,551,D:\DACN\week4\crops\images (9)_det_002_metal.jpg,paper,0.1717,UNCERTAIN,MISMATCH,0.1697,0.1634,0.1657,0.1717,0.1641,0.1655
images.jpg,images,3,paper,0.535,46,42,325,349,D:\DACN\week4\crops\images_det_001_paper.jpg,paper,0.1763,UNCERTAIN,MATCH,0.1668,0.1612,0.1648,0.1763,0.1627,0.1683
images.jpg,images,2,metal,0.3386,44,42,325,348,D:\DACN\week4\crops\images_det_002_metal.jpg,paper,0.1765,UNCERTAIN,MISMATCH,0.1668,0.1614,0.1646,0.1765,0.1629,0.1678
IMG20260911163453.jpg,images,5,trash,0.7222,122,1101,1714,2374,D:\DACN\week4\crops\IMG20260911163453_det_001_trash.jpg,glass,0.1731,UNCERTAIN,MISMATCH,0.1606,0.1731,0.1645,0.1624,0.1721,0.1673
istockphoto-1470617810-612x612.jpg,images,3,paper,0.518,20,4,581,300,D:\DACN\week4\crops\istockphoto-1470617810-612x612_det_001_paper.jpg,paper,0.1757,UNCERTAIN,MATCH,0.17,0.1609,0.1643,0.1757,0.1633,0.1658
istockphoto-1470617810-612x612.jpg,images,2,metal,0.4518,23,7,581,302,D:\DACN\week4\crops\istockphoto-1470617810-612x612_det_002_metal.jpg,paper,0.1755,UNCERTAIN,MISMATCH,0.1699,0.1613,0.1646,0.1755,0.1631,0.1656
pngtree-wastepaper-heap-white-waste-collect-photo-image_40511112.jpg,images,3,paper,0.4894,17,0,625,376,D:\DACN\week4\crops\pngtree-wastepaper-heap-white-waste-collect-photo-image_40511112_det_001_paper.jpg,cardboard,0.1735,UNCERTAIN,MISMATCH,0.1735,0.1601,0.1654,0.1733,0.1626,0.1652
pngtree-wastepaper-heap-white-waste-collect-photo-image_40511112.jpg,images,2,metal,0.4203,14,0,627,371,D:\DACN\week4\crops\pngtree-wastepaper-heap-white-waste-collect-photo-image_40511112_det_002_metal.jpg,cardboard,0.1734,UNCERTAIN,MISMATCH,0.1734,0.1602,0.1653,0.1731,0.1626,0.1654
stack-of-different-waste-paper-on-white-background-2R92K1Y.jpg,images,3,paper,0.2734,84,199,1099,959,D:\DACN\week4\crops\stack-of-different-waste-paper-on-white-background-2R92K1Y_det_001_paper.jpg,cardboard,0.1741,UNCERTAIN,MISMATCH,0.1741,0.1586,0.1645,0.1735,0.1625,0.1668
waste-newspaper-scraps-154.jpg,images,2,metal,0.8533,1,66,500,450,D:\DACN\week4\crops\waste-newspaper-scraps-154_det_001_metal.jpg,paper,0.1742,UNCERTAIN,MISMATCH,0.1674,0.1625,0.1644,0.1742,0.1649,0.1666
images (1).jpg,Cardboard,1,glass,0.6927,0,0,190,124,D:\DACN\week4\crops\images (1)_det_001_glass.jpg,cardboard,0.1729,UNCERTAIN,MISMATCH,0.1729,0.1623,0.1685,0.169,0.1651,0.1622
images (10).jpg,Cardboard,1,glass,0.4594,16,24,343,403,D:\DACN\week4\crops\images (10)_det_001_glass.jpg,cardboard,0.1749,UNCERTAIN,MISMATCH,0.1749,0.1605,0.164,0.1701,0.1647,0.1658
images (11).jpg,Cardboard,5,trash,0.6493,0,291,64,370,D:\DACN\week4\crops\images (11)_det_001_trash.jpg,glass,0.1685,UNCERTAIN,MISMATCH,0.1646,0.1685,0.1652,0.1681,0.1676,0.1661
images (11).jpg,Cardboard,5,trash,0.364,499,132,536,238,D:\DACN\week4\crops\images (11)_det_002_trash.jpg,plastic,0.1679,UNCERTAIN,MISMATCH,0.1668,0.1664,0.1656,0.1675,0.1679,0.1658
images (11).jpg,Cardboard,3,paper,0.3071,1,0,421,370,D:\DACN\week4\crops\images (11)_det_003_paper.jpg,cardboard,0.1746,UNCERTAIN,MISMATCH,0.1746,0.1606,0.1639,0.1687,0.1654,0.1667
images (12).jpg,Cardboard,1,glass,0.6352,9,20,349,348,D:\DACN\week4\crops\images (12)_det_001_glass.jpg,cardboard,0.1755,UNCERTAIN,MISMATCH,0.1755,0.1606,0.1641,0.1706,0.1647,0.1646
images (12).jpg,Cardboard,1,glass,0.5254,17,260,342,350,D:\DACN\week4\crops\images (12)_det_002_glass.jpg,cardboard,0.1696,UNCERTAIN,MISMATCH,0.1696,0.1658,0.1669,0.1671,0.1664,0.1641
images (13).jpg,Cardboard,5,trash,0.4471,17,75,596,391,D:\DACN\week4\crops\images (13)_det_001_trash.jpg,cardboard,0.1733,UNCERTAIN,MISMATCH,0.1733,0.1626,0.1666,0.1673,0.1646,0.1656
images (14).jpg,Cardboard,1,glass,0.842,0,25,526,527,D:\DACN\week4\crops\images (14)_det_001_glass.jpg,cardboard,0.1753,UNCERTAIN,MISMATCH,0.1753,0.1622,0.1639,0.1697,0.1638,0.1651
images (15).jpg,Cardboard,1,glass,0.9033,43,0,389,245,D:\DACN\week4\crops\images (15)_det_001_glass.jpg,cardboard,0.1722,UNCERTAIN,MISMATCH,0.1722,0.1667,0.167,0.1676,0.1644,0.1621
images (16).jpg,Cardboard,1,glass,0.6597,0,0,415,146,D:\DACN\week4\crops\images (16)_det_001_glass.jpg,cardboard,0.1681,UNCERTAIN,MISMATCH,0.1681,0.1673,0.1676,0.1668,0.165,0.1652
images (17).jpg,Cardboard,2,metal,0.6188,0,3,387,513,D:\DACN\week4\crops\images (17)_det_001_metal.jpg,cardboard,0.1738,UNCERTAIN,MISMATCH,0.1738,0.1616,0.1643,0.1726,0.1642,0.1635
images (18).jpg,Cardboard,1,glass,0.7334,48,5,546,525,D:\DACN\week4\crops\images (18)_det_001_glass.jpg,cardboard,0.1743,UNCERTAIN,MISMATCH,0.1743,0.1615,0.1658,0.1674,0.1635,0.1675
images (19).jpg,Cardboard,5,trash,0.3819,0,55,460,566,D:\DACN\week4\crops\images (19)_det_001_trash.jpg,cardboard,0.1723,UNCERTAIN,MISMATCH,0.1723,0.1651,0.1656,0.1693,0.1646,0.163
images (19).jpg,Cardboard,3,paper,0.319,0,38,461,564,D:\DACN\week4\crops\images (19)_det_002_paper.jpg,cardboard,0.1719,UNCERTAIN,MISMATCH,0.1719,0.1654,0.1648,0.1699,0.165,0.1631
images (2).jpg,Cardboard,1,glass,0.3337,1,7,480,386,D:\DACN\week4\crops\images (2)_det_001_glass.jpg,cardboard,0.1751,UNCERTAIN,MISMATCH,0.1751,0.1594,0.1639,0.1736,0.1628,0.1651
images (20).jpg,Cardboard,1,glass,0.341,342,195,505,376,D:\DACN\week4\crops\images (20)_det_001_glass.jpg,cardboard,0.1722,UNCERTAIN,MISMATCH,0.1722,0.1638,0.1646,0.1678,0.1665,0.165
images (20).jpg,Cardboard,1,glass,0.3165,3,198,166,379,D:\DACN\week4\crops\images (20)_det_002_glass.jpg,cardboard,0.1721,UNCERTAIN,MISMATCH,0.1721,0.1634,0.1642,0.1684,0.1668,0.1651
images (20).jpg,Cardboard,2,metal,0.2818,5,197,168,380,D:\DACN\week4\crops\images (20)_det_003_metal.jpg,cardboard,0.1719,UNCERTAIN,MISMATCH,0.1719,0.1641,0.1645,0.1677,0.1666,0.1652
images (4).jpg,Cardboard,3,paper,0.5505,65,0,625,399,D:\DACN\week4\crops\images (4)_det_001_paper.jpg,paper,0.173,UNCERTAIN,MATCH,0.1711,0.162,0.1644,0.173,0.1647,0.1647
images (4).jpg,Cardboard,2,metal,0.4723,73,0,624,399,D:\DACN\week4\crops\images (4)_det_002_metal.jpg,plastic,0.1694,UNCERTAIN,MISMATCH,0.1649,0.1675,0.1671,0.1642,0.1694,0.167
images (5).jpg,Cardboard,3,paper,0.4445,0,17,196,278,D:\DACN\week4\crops\images (5)_det_001_paper.jpg,cardboard,0.1746,UNCERTAIN,MISMATCH,0.1746,0.1616,0.1629,0.1709,0.1655,0.1645
images (6).jpg,Cardboard,1,glass,0.882,28,14,330,348,D:\DACN\week4\crops\images (6)_det_001_glass.jpg,cardboard,0.174,UNCERTAIN,MISMATCH,0.174,0.1641,0.1668,0.1675,0.1632,0.1644
images (7).jpg,Cardboard,1,glass,0.4515,0,0,231,170,D:\DACN\week4\crops\images (7)_det_001_glass.jpg,cardboard,0.173,UNCERTAIN,MISMATCH,0.173,0.1626,0.1656,0.1717,0.1625,0.1646
images (7).jpg,Cardboard,1,glass,0.3905,0,39,230,163,D:\DACN\week4\crops\images (7)_det_002_glass.jpg,cardboard,0.1733,UNCERTAIN,MISMATCH,0.1733,0.1629,0.1661,0.1701,0.163,0.1646
images.jpg,Cardboard,1,glass,0.675,0,7,192,114,D:\DACN\week4\crops\images_det_001_glass.jpg,cardboard,0.1745,UNCERTAIN,MISMATCH,0.1745,0.1598,0.1647,0.1731,0.1625,0.1654
glass1.jpg,Glass,1,glass,0.861,205,156,447,329,D:\DACN\week4\crops\glass1_det_001_glass.jpg,glass,0.1742,UNCERTAIN,MATCH,0.1641,0.1742,0.1674,0.163,0.1682,0.1631
glass10.jpg,Glass,1,glass,0.7582,28,252,510,384,D:\DACN\week4\crops\glass10_det_001_glass.jpg,glass,0.1738,UNCERTAIN,MATCH,0.1602,0.1738,0.1647,0.1645,0.1699,0.1669
glass100.jpg,Glass,1,glass,0.8926,13,77,496,326,D:\DACN\week4\crops\glass100_det_001_glass.jpg,glass,0.173,UNCERTAIN,MATCH,0.1639,0.173,0.1642,0.1635,0.1693,0.166
glass101.jpg,Glass,1,glass,0.95,149,17,460,384,D:\DACN\week4\crops\glass101_det_001_glass.jpg,glass,0.1762,UNCERTAIN,MATCH,0.1611,0.1762,0.1664,0.1626,0.1697,0.164
glass102.jpg,Glass,1,glass,0.9257,64,97,427,275,D:\DACN\week4\crops\glass102_det_001_glass.jpg,glass,0.172,UNCERTAIN,MATCH,0.162,0.172,0.1678,0.1646,0.1706,0.163
glass104.jpg,Glass,1,glass,0.8856,0,19,474,238,D:\DACN\week4\crops\glass104_det_001_glass.jpg,glass,0.1724,UNCERTAIN,MATCH,0.1629,0.1724,0.163,0.1645,0.1718,0.1654
glass105.jpg,Glass,1,glass,0.9051,150,90,406,383,D:\DACN\week4\crops\glass105_det_001_glass.jpg,glass,0.1723,UNCERTAIN,MATCH,0.1636,0.1723,0.1655,0.1637,0.1701,0.1646
glass106.jpg,Glass,1,glass,0.7727,159,1,348,358,D:\DACN\week4\crops\glass106_det_001_glass.jpg,glass,0.1717,UNCERTAIN,MATCH,0.1623,0.1717,0.1688,0.1642,0.1701,0.1628
glass107.jpg,Glass,1,glass,0.9404,171,0,456,384,D:\DACN\week4\crops\glass107_det_001_glass.jpg,glass,0.1704,UNCERTAIN,MATCH,0.1658,0.1704,0.1663,0.1651,0.1677,0.1647
glass108.jpg,Glass,1,glass,0.9099,116,89,378,303,D:\DACN\week4\crops\glass108_det_001_glass.jpg,glass,0.1745,UNCERTAIN,MATCH,0.1597,0.1745,0.1673,0.1639,0.1699,0.1647
glass109.jpg,Glass,1,glass,0.9036,106,0,512,371,D:\DACN\week4\crops\glass109_det_001_glass.jpg,glass,0.1738,UNCERTAIN,MATCH,0.1616,0.1738,0.165,0.1634,0.1693,0.167
glass110.jpg,Glass,1,glass,0.9417,85,51,389,383,D:\DACN\week4\crops\glass110_det_001_glass.jpg,glass,0.1713,UNCERTAIN,MATCH,0.1616,0.1713,0.1646,0.1676,0.1697,0.1651
glass111.jpg,Glass,1,glass,0.9298,100,31,412,324,D:\DACN\week4\crops\glass111_det_001_glass.jpg,glass,0.1758,UNCERTAIN,MATCH,0.1586,0.1758,0.1661,0.1631,0.171,0.1653
glass112.jpg,Glass,1,glass,0.9043,65,157,446,383,D:\DACN\week4\crops\glass112_det_001_glass.jpg,glass,0.1724,UNCERTAIN,MATCH,0.1609,0.1724,0.1697,0.1645,0.1678,0.1647
glass113.jpg,Glass,1,glass,0.9129,48,111,455,277,D:\DACN\week4\crops\glass113_det_001_glass.jpg,glass,0.1725,UNCERTAIN,MATCH,0.1654,0.1725,0.1654,0.1628,0.1681,0.1659
glass115.jpg,Glass,1,glass,0.8792,196,110,315,223,D:\DACN\week4\crops\glass115_det_001_glass.jpg,glass,0.1733,UNCERTAIN,MATCH,0.1609,0.1733,0.1702,0.163,0.168,0.1647
glass118.jpg,Glass,1,glass,0.8851,0,30,512,267,D:\DACN\week4\crops\glass118_det_001_glass.jpg,glass,0.1698,UNCERTAIN,MATCH,0.1669,0.1698,0.165,0.1643,0.1675,0.1665
glass119.jpg,Glass,1,glass,0.8985,61,0,361,384,D:\DACN\week4\crops\glass119_det_001_glass.jpg,glass,0.1724,UNCERTAIN,MATCH,0.1654,0.1724,0.1646,0.164,0.1689,0.1646
glass121.jpg,Glass,1,glass,0.8586,0,36,511,309,D:\DACN\week4\crops\glass121_det_001_glass.jpg,glass,0.1758,UNCERTAIN,MATCH,0.1608,0.1758,0.1651,0.162,0.1726,0.1636
glass122.jpg,Glass,1,glass,0.9313,0,0,352,384,D:\DACN\week4\crops\glass122_det_001_glass.jpg,plastic,0.1695,UNCERTAIN,MISMATCH,0.1643,0.1684,0.1668,0.1651,0.1695,0.1659
glass123.jpg,Glass,1,glass,0.9146,47,0,446,267,D:\DACN\week4\crops\glass123_det_001_glass.jpg,glass,0.1744,UNCERTAIN,MATCH,0.1618,0.1744,0.1649,0.1632,0.1707,0.1651
glass124.jpg,Glass,1,glass,0.9119,0,71,474,318,D:\DACN\week4\crops\glass124_det_001_glass.jpg,glass,0.1728,UNCERTAIN,MATCH,0.1607,0.1728,0.1671,0.1645,0.1706,0.1643
glass125.jpg,Glass,1,glass,0.8824,21,113,512,335,D:\DACN\week4\crops\glass125_det_001_glass.jpg,glass,0.17,UNCERTAIN,MATCH,0.1668,0.17,0.1644,0.1643,0.1677,0.1668
glass126.jpg,Glass,1,glass,0.8684,137,0,512,384,D:\DACN\week4\crops\glass126_det_001_glass.jpg,glass,0.1703,UNCERTAIN,MATCH,0.1633,0.1703,0.1663,0.166,0.1691,0.165
glass127.jpg,Glass,1,glass,0.8998,218,122,328,231,D:\DACN\week4\crops\glass127_det_001_glass.jpg,glass,0.1724,UNCERTAIN,MATCH,0.1632,0.1724,0.1683,0.1628,0.1677,0.1656
glass128.jpg,Glass,1,glass,0.8862,27,35,512,305,D:\DACN\week4\crops\glass128_det_001_glass.jpg,glass,0.1728,UNCERTAIN,MATCH,0.1635,0.1728,0.166,0.1631,0.1696,0.165
glass129.jpg,Glass,1,glass,0.8562,145,0,511,384,D:\DACN\week4\crops\glass129_det_001_glass.jpg,glass,0.1738,UNCERTAIN,MATCH,0.162,0.1738,0.17,0.1616,0.1689,0.1637
glass130.jpg,Glass,1,glass,0.86,137,61,512,332,D:\DACN\week4\crops\glass130_det_001_glass.jpg,glass,0.1723,UNCERTAIN,MATCH,0.1665,0.1723,0.1656,0.1631,0.1685,0.164
glass131.jpg,Glass,1,glass,0.9308,119,0,431,316,D:\DACN\week4\crops\glass131_det_001_glass.jpg,glass,0.1753,UNCERTAIN,MATCH,0.1598,0.1753,0.1688,0.162,0.17,0.164
glass132.jpg,Glass,1,glass,0.9058,172,112,317,263,D:\DACN\week4\crops\glass132_det_001_glass.jpg,glass,0.1725,UNCERTAIN,MATCH,0.1623,0.1725,0.1683,0.1632,0.1685,0.1652
glass133.jpg,Glass,1,glass,0.9008,158,49,512,384,D:\DACN\week4\crops\glass133_det_001_glass.jpg,glass,0.1703,UNCERTAIN,MATCH,0.1662,0.1703,0.1659,0.1632,0.1691,0.1653
glass134.jpg,Glass,1,glass,0.9311,141,123,512,384,D:\DACN\week4\crops\glass134_det_001_glass.jpg,plastic,0.1691,UNCERTAIN,MISMATCH,0.1643,0.1685,0.1645,0.1673,0.1691,0.1663
glass135.jpg,Glass,1,glass,0.9325,92,58,411,273,D:\DACN\week4\crops\glass135_det_001_glass.jpg,glass,0.1712,UNCERTAIN,MATCH,0.1637,0.1712,0.1652,0.1641,0.1709,0.1648
glass136.jpg,Glass,1,glass,0.8192,176,74,360,382,D:\DACN\week4\crops\glass136_det_001_glass.jpg,glass,0.1742,UNCERTAIN,MATCH,0.1627,0.1742,0.1676,0.1612,0.169,0.1653
glass137.jpg,Glass,1,glass,0.9153,1,69,392,315,D:\DACN\week4\crops\glass137_det_001_glass.jpg,glass,0.1712,UNCERTAIN,MATCH,0.1642,0.1712,0.1676,0.1647,0.1694,0.1629
glass138.jpg,Glass,1,glass,0.9139,40,47,382,384,D:\DACN\week4\crops\glass138_det_001_glass.jpg,glass,0.1749,UNCERTAIN,MATCH,0.1591,0.1749,0.1664,0.1617,0.1711,0.1668
glass139.jpg,Glass,1,glass,0.8705,1,0,511,384,D:\DACN\week4\crops\glass139_det_001_glass.jpg,glass,0.1767,UNCERTAIN,MATCH,0.1592,0.1767,0.1669,0.1634,0.1706,0.1632
glass14.jpg,Glass,1,glass,0.8635,175,127,333,246,D:\DACN\week4\crops\glass14_det_001_glass.jpg,glass,0.1745,UNCERTAIN,MATCH,0.1599,0.1745,0.1667,0.1645,0.171,0.1635
glass140.jpg,Glass,1,glass,0.9022,112,101,330,261,D:\DACN\week4\crops\glass140_det_001_glass.jpg,glass,0.1693,UNCERTAIN,MATCH,0.1678,0.1693,0.1664,0.1652,0.1662,0.165
glass141.jpg,Glass,1,glass,0.9123,0,0,328,383,D:\DACN\week4\crops\glass141_det_001_glass.jpg,glass,0.1705,UNCERTAIN,MATCH,0.1618,0.1705,0.1684,0.1655,0.1693,0.1644
glass142.jpg,Glass,1,glass,0.8696,16,0,484,384,D:\DACN\week4\crops\glass142_det_001_glass.jpg,glass,0.1748,UNCERTAIN,MATCH,0.1621,0.1748,0.1701,0.1614,0.1675,0.1641
glass143.jpg,Glass,1,glass,0.8626,0,98,512,376,D:\DACN\week4\crops\glass143_det_001_glass.jpg,glass,0.1716,UNCERTAIN,MATCH,0.1629,0.1716,0.1711,0.1624,0.168,0.164
glass144.jpg,Glass,1,glass,0.9217,124,36,367,356,D:\DACN\week4\crops\glass144_det_001_glass.jpg,glass,0.1748,UNCERTAIN,MATCH,0.1612,0.1748,0.166,0.1623,0.1706,0.1651
glass146.jpg,Glass,1,glass,0.8279,151,0,388,383,D:\DACN\week4\crops\glass146_det_001_glass.jpg,glass,0.1742,UNCERTAIN,MATCH,0.1623,0.1742,0.1677,0.1629,0.1696,0.1633
glass147.jpg,Glass,1,glass,0.825,102,58,316,224,D:\DACN\week4\crops\glass147_det_001_glass.jpg,glass,0.1723,UNCERTAIN,MATCH,0.163,0.1723,0.1662,0.1666,0.1688,0.163
glass148.jpg,Glass,1,glass,0.929,10,76,431,384,D:\DACN\week4\crops\glass148_det_001_glass.jpg,glass,0.1725,UNCERTAIN,MATCH,0.16,0.1725,0.17,0.1641,0.1684,0.165
glass15.jpg,Glass,1,glass,0.8952,100,111,309,276,D:\DACN\week4\crops\glass15_det_001_glass.jpg,glass,0.1751,UNCERTAIN,MATCH,0.1608,0.1751,0.1656,0.1644,0.1706,0.1635
glass150.jpg,Glass,1,glass,0.9319,29,23,388,337,D:\DACN\week4\crops\glass150_det_001_glass.jpg,glass,0.1759,UNCERTAIN,MATCH,0.1601,0.1759,0.1667,0.1631,0.1706,0.1635
glass151.jpg,Glass,1,glass,0.884,0,80,511,367,D:\DACN\week4\crops\glass151_det_001_glass.jpg,glass,0.1701,UNCERTAIN,MATCH,0.167,0.1701,0.1651,0.1642,0.1686,0.165
glass152.jpg,Glass,1,glass,0.8824,42,84,484,277,D:\DACN\week4\crops\glass152_det_001_glass.jpg,glass,0.1765,UNCERTAIN,MATCH,0.1612,0.1765,0.1656,0.1622,0.1709,0.1635
glass153.jpg,Glass,1,glass,0.9193,117,25,389,302,D:\DACN\week4\crops\glass153_det_001_glass.jpg,glass,0.1759,UNCERTAIN,MATCH,0.1596,0.1759,0.1666,0.1625,0.1705,0.1649
glass154.jpg,Glass,1,glass,0.9137,181,0,490,384,D:\DACN\week4\crops\glass154_det_001_glass.jpg,glass,0.1725,UNCERTAIN,MATCH,0.1648,0.1725,0.1663,0.1623,0.168,0.166
glass155.jpg,Glass,1,glass,0.853,96,104,512,367,D:\DACN\week4\crops\glass155_det_001_glass.jpg,glass,0.1738,UNCERTAIN,MATCH,0.1632,0.1738,0.1639,0.1633,0.1723,0.1636
glass156.jpg,Glass,1,glass,0.8759,1,0,512,384,D:\DACN\week4\crops\glass156_det_001_glass.jpg,glass,0.1762,UNCERTAIN,MATCH,0.1597,0.1762,0.1667,0.1626,0.1699,0.1648
glass157.jpg,Glass,1,glass,0.9118,2,0,437,384,D:\DACN\week4\crops\glass157_det_001_glass.jpg,glass,0.1731,UNCERTAIN,MATCH,0.1614,0.1731,0.1639,0.1637,0.172,0.1659
glass16.jpg,Glass,1,glass,0.8834,94,48,295,206,D:\DACN\week4\crops\glass16_det_001_glass.jpg,glass,0.1731,UNCERTAIN,MATCH,0.1599,0.1731,0.1678,0.1646,0.17,0.1646
glass160.jpg,Glass,1,glass,0.9275,126,68,398,330,D:\DACN\week4\crops\glass160_det_001_glass.jpg,glass,0.1756,UNCERTAIN,MATCH,0.1594,0.1756,0.169,0.1608,0.1702,0.1649
glass161.jpg,Glass,1,glass,0.8754,80,121,382,247,D:\DACN\week4\crops\glass161_det_001_glass.jpg,glass,0.1725,UNCERTAIN,MATCH,0.1655,0.1725,0.1664,0.1621,0.1696,0.1639
glass162.jpg,Glass,1,glass,0.9534,96,74,468,383,D:\DACN\week4\crops\glass162_det_001_glass.jpg,glass,0.1694,UNCERTAIN,MATCH,0.1655,0.1694,0.1676,0.1622,0.1677,0.1676
glass163.jpg,Glass,1,glass,0.928,0,4,328,356,D:\DACN\week4\crops\glass163_det_001_glass.jpg,glass,0.175,UNCERTAIN,MATCH,0.1604,0.175,0.1676,0.163,0.1695,0.1644
glass164.jpg,Glass,1,glass,0.9221,175,35,512,384,D:\DACN\week4\crops\glass164_det_001_glass.jpg,glass,0.1684,UNCERTAIN,MATCH,0.1682,0.1684,0.1662,0.1646,0.167,0.1656
glass165.jpg,Glass,1,glass,0.9025,1,1,416,249,D:\DACN\week4\crops\glass165_det_001_glass.jpg,plastic,0.1722,UNCERTAIN,MISMATCH,0.1626,0.1718,0.1655,0.1627,0.1722,0.1652
glass166.jpg,Glass,1,glass,0.8948,48,132,394,276,D:\DACN\week4\crops\glass166_det_001_glass.jpg,plastic,0.1706,UNCERTAIN,MISMATCH,0.164,0.1698,0.1649,0.1642,0.1706,0.1665
glass167.jpg,Glass,1,glass,0.9548,12,49,354,373,D:\DACN\week4\crops\glass167_det_001_glass.jpg,glass,0.1725,UNCERTAIN,MATCH,0.163,0.1725,0.1674,0.1632,0.1684,0.1654
glass169.jpg,Glass,1,glass,0.9236,130,27,411,332,D:\DACN\week4\crops\glass169_det_001_glass.jpg,glass,0.1735,UNCERTAIN,MATCH,0.1599,0.1735,0.1667,0.164,0.1703,0.1655
glass17.jpg,Glass,1,glass,0.919,0,47,502,322,D:\DACN\week4\crops\glass17_det_001_glass.jpg,glass,0.1729,UNCERTAIN,MATCH,0.1648,0.1729,0.1644,0.1642,0.1687,0.165
glass170.jpg,Glass,1,glass,0.8987,135,91,333,287,D:\DACN\week4\crops\glass170_det_001_glass.jpg,metal,0.1719,UNCERTAIN,MISMATCH,0.1636,0.1713,0.1719,0.1625,0.1661,0.1647
glass171.jpg,Glass,1,glass,0.9398,95,84,411,289,D:\DACN\week4\crops\glass171_det_001_glass.jpg,glass,0.1743,UNCERTAIN,MATCH,0.1606,0.1743,0.164,0.1628,0.1734,0.1648
glass172.jpg,Glass,1,glass,0.8629,156,106,481,282,D:\DACN\week4\crops\glass172_det_001_glass.jpg,glass,0.1737,UNCERTAIN,MATCH,0.1614,0.1737,0.1658,0.1654,0.1705,0.1631
glass175.jpg,Glass,1,glass,0.9022,158,134,320,292,D:\DACN\week4\crops\glass175_det_001_glass.jpg,glass,0.1736,UNCERTAIN,MATCH,0.1607,0.1736,0.1688,0.1627,0.1693,0.1649
glass176.jpg,Glass,1,glass,0.8842,0,0,512,306,D:\DACN\week4\crops\glass176_det_001_glass.jpg,glass,0.172,UNCERTAIN,MATCH,0.1626,0.172,0.1673,0.1657,0.1694,0.1631
glass177.jpg,Glass,1,glass,0.8796,0,76,474,334,D:\DACN\week4\crops\glass177_det_001_glass.jpg,glass,0.1731,UNCERTAIN,MATCH,0.1612,0.1731,0.1643,0.1654,0.1714,0.1646
glass178.jpg,Glass,1,glass,0.8253,120,122,287,219,D:\DACN\week4\crops\glass178_det_001_glass.jpg,glass,0.1749,UNCERTAIN,MATCH,0.1608,0.1749,0.1662,0.164,0.1704,0.1636
glass179.jpg,Glass,1,glass,0.8974,0,80,439,384,D:\DACN\week4\crops\glass179_det_001_glass.jpg,glass,0.1744,UNCERTAIN,MATCH,0.1623,0.1744,0.1667,0.1629,0.1691,0.1645
glass180.jpg,Glass,1,glass,0.9051,43,117,285,268,D:\DACN\week4\crops\glass180_det_001_glass.jpg,glass,0.1753,UNCERTAIN,MATCH,0.1613,0.1753,0.165,0.1647,0.1706,0.163
glass183.jpg,Glass,1,glass,0.8718,135,116,279,245,D:\DACN\week4\crops\glass183_det_001_glass.jpg,glass,0.1724,UNCERTAIN,MATCH,0.1622,0.1724,0.168,0.1647,0.1685,0.1642
glass184.jpg,Glass,1,glass,0.8968,131,0,512,332,D:\DACN\week4\crops\glass184_det_001_glass.jpg,glass,0.1704,UNCERTAIN,MATCH,0.1629,0.1704,0.165,0.1681,0.1689,0.1647
glass185.jpg,Glass,1,glass,0.9186,32,18,475,324,D:\DACN\week4\crops\glass185_det_001_glass.jpg,glass,0.17,UNCERTAIN,MATCH,0.1642,0.17,0.1678,0.1645,0.1682,0.1652
glass186.jpg,Glass,1,glass,0.951,68,32,445,384,D:\DACN\week4\crops\glass186_det_001_glass.jpg,metal,0.1745,UNCERTAIN,MISMATCH,0.1653,0.1644,0.1745,0.1639,0.165,0.1669
glass188.jpg,Glass,1,glass,0.8207,124,77,274,285,D:\DACN\week4\crops\glass188_det_001_glass.jpg,glass,0.1747,UNCERTAIN,MATCH,0.1604,0.1747,0.165,0.165,0.1703,0.1645
glass189.jpg,Glass,1,glass,0.8788,225,0,511,277,D:\DACN\week4\crops\glass189_det_001_glass.jpg,plastic,0.1716,UNCERTAIN,MISMATCH,0.1629,0.1705,0.1644,0.1668,0.1716,0.1638
glass19.jpg,Glass,1,glass,0.9226,21,96,511,384,D:\DACN\week4\crops\glass19_det_001_glass.jpg,glass,0.1713,UNCERTAIN,MATCH,0.166,0.1713,0.1661,0.1632,0.169,0.1645
glass190.jpg,Glass,1,glass,0.9283,0,82,412,383,D:\DACN\week4\crops\glass190_det_001_glass.jpg,metal,0.1718,UNCERTAIN,MISMATCH,0.1641,0.1675,0.1718,0.1654,0.1661,0.165
glass191.jpg,Glass,1,glass,0.8626,120,121,287,247,D:\DACN\week4\crops\glass191_det_001_glass.jpg,glass,0.1747,UNCERTAIN,MATCH,0.1605,0.1747,0.1655,0.1643,0.1709,0.164
glass192.jpg,Glass,1,glass,0.926,7,2,511,364,D:\DACN\week4\crops\glass192_det_001_glass.jpg,glass,0.1708,UNCERTAIN,MATCH,0.1647,0.1708,0.1682,0.1648,0.1672,0.1644
glass193.jpg,Glass,1,glass,0.8983,140,80,328,256,D:\DACN\week4\crops\glass193_det_001_glass.jpg,glass,0.1743,UNCERTAIN,MATCH,0.1591,0.1743,0.1656,0.1665,0.1715,0.1631
glass195.jpg,Glass,1,glass,0.9444,57,27,423,375,D:\DACN\week4\crops\glass195_det_001_glass.jpg,glass,0.1716,UNCERTAIN,MATCH,0.1616,0.1716,0.1691,0.1623,0.1692,0.1661
glass196.jpg,Glass,1,glass,0.7633,134,21,347,332,D:\DACN\week4\crops\glass196_det_001_glass.jpg,glass,0.1729,UNCERTAIN,MATCH,0.1599,0.1729,0.1652,0.1658,0.1713,0.1649
glass197.jpg,Glass,1,glass,0.9289,215,121,423,383,D:\DACN\week4\crops\glass197_det_001_glass.jpg,glass,0.1725,UNCERTAIN,MATCH,0.1629,0.1725,0.1659,0.1641,0.1701,0.1645
glass198.jpg,Glass,1,glass,0.9499,107,15,404,369,D:\DACN\week4\crops\glass198_det_001_glass.jpg,glass,0.1752,UNCERTAIN,MATCH,0.1591,0.1752,0.1687,0.1634,0.1695,0.1641
glass199.jpg,Glass,1,glass,0.8778,2,0,500,384,D:\DACN\week4\crops\glass199_det_001_glass.jpg,metal,0.1708,UNCERTAIN,MISMATCH,0.164,0.1667,0.1708,0.1652,0.1661,0.1673
glass2.jpg,Glass,1,glass,0.9116,70,89,285,282,D:\DACN\week4\crops\glass2_det_001_glass.jpg,glass,0.1751,UNCERTAIN,MATCH,0.1591,0.1751,0.1661,0.1637,0.1723,0.1637
glass20.jpg,Glass,1,glass,0.8641,106,0,460,384,D:\DACN\week4\crops\glass20_det_001_glass.jpg,glass,0.171,UNCERTAIN,MATCH,0.1654,0.171,0.1683,0.1638,0.1671,0.1645
glass200.jpg,Glass,1,glass,0.9076,32,0,512,383,D:\DACN\week4\crops\glass200_det_001_glass.jpg,glass,0.1746,UNCERTAIN,MATCH,0.1603,0.1746,0.1685,0.164,0.1701,0.1625
glass201.jpg,Glass,1,glass,0.9304,66,108,504,384,D:\DACN\week4\crops\glass201_det_001_glass.jpg,glass,0.1758,UNCERTAIN,MATCH,0.1598,0.1758,0.1658,0.1634,0.1712,0.164
glass202.jpg,Glass,1,glass,0.9177,110,39,389,317,D:\DACN\week4\crops\glass202_det_001_glass.jpg,glass,0.1747,UNCERTAIN,MATCH,0.1592,0.1747,0.1674,0.1626,0.1699,0.1662
glass205.jpg,Glass,1,glass,0.8289,74,22,294,348,D:\DACN\week4\crops\glass205_det_001_glass.jpg,glass,0.1765,UNCERTAIN,MATCH,0.1595,0.1765,0.1665,0.1638,0.1704,0.1632
glass206.jpg,Glass,1,glass,0.9002,68,58,426,335,D:\DACN\week4\crops\glass206_det_001_glass.jpg,glass,0.1776,UNCERTAIN,MATCH,0.1591,0.1776,0.1658,0.1618,0.1716,0.164
glass207.jpg,Glass,1,glass,0.9036,78,104,387,277,D:\DACN\week4\crops\glass207_det_001_glass.jpg,glass,0.1708,UNCERTAIN,MATCH,0.1631,0.1708,0.1652,0.165,0.1687,0.1672
glass208.jpg,Glass,1,glass,0.8697,21,61,435,283,D:\DACN\week4\crops\glass208_det_001_glass.jpg,glass,0.1725,UNCERTAIN,MATCH,0.161,0.1725,0.1675,0.1657,0.1709,0.1623
glass209.jpg,Glass,1,glass,0.8831,55,77,300,225,D:\DACN\week4\crops\glass209_det_001_glass.jpg,glass,0.1709,UNCERTAIN,MATCH,0.1611,0.1709,0.1663,0.167,0.17,0.1648
glass21.jpg,Glass,1,glass,0.9214,2,0,462,381,D:\DACN\week4\crops\glass21_det_001_glass.jpg,glass,0.1745,UNCERTAIN,MATCH,0.1598,0.1745,0.1676,0.1642,0.1691,0.1648
glass210.jpg,Glass,1,glass,0.9079,107,81,359,285,D:\DACN\week4\crops\glass210_det_001_glass.jpg,glass,0.1768,UNCERTAIN,MATCH,0.1588,0.1768,0.164,0.1637,0.1727,0.164
glass211.jpg,Glass,1,glass,0.8808,67,86,316,237,D:\DACN\week4\crops\glass211_det_001_glass.jpg,glass,0.175,UNCERTAIN,MATCH,0.1587,0.175,0.1639,0.1636,0.1742,0.1646
glass212.jpg,Glass,1,glass,0.8946,143,149,305,280,D:\DACN\week4\crops\glass212_det_001_glass.jpg,glass,0.1746,UNCERTAIN,MATCH,0.1595,0.1746,0.1668,0.1658,0.1708,0.1625
glass214.jpg,Glass,1,glass,0.8715,196,71,316,318,D:\DACN\week4\crops\glass214_det_001_glass.jpg,glass,0.1763,UNCERTAIN,MATCH,0.1596,0.1763,0.1665,0.1629,0.1706,0.1641
glass215.jpg,Glass,1,glass,0.9321,133,75,368,297,D:\DACN\week4\crops\glass215_det_001_glass.jpg,glass,0.1719,UNCERTAIN,MATCH,0.1632,0.1719,0.1666,0.1627,0.1708,0.1648
glass216.jpg,Glass,1,glass,0.8744,69,124,327,244,D:\DACN\week4\crops\glass216_det_001_glass.jpg,plastic,0.1718,UNCERTAIN,MISMATCH,0.1639,0.1709,0.1644,0.1643,0.1718,0.1647
glass217.jpg,Glass,1,glass,0.8885,87,94,309,270,D:\DACN\week4\crops\glass217_det_001_glass.jpg,glass,0.1709,UNCERTAIN,MATCH,0.1636,0.1709,0.1655,0.1645,0.1696,0.166
glass218.jpg,Glass,1,glass,0.9124,80,80,411,283,D:\DACN\week4\crops\glass218_det_001_glass.jpg,plastic,0.1706,UNCERTAIN,MISMATCH,0.1639,0.1706,0.1638,0.1647,0.1706,0.1664
glass219.jpg,Glass,1,glass,0.9182,46,2,440,384,D:\DACN\week4\crops\glass219_det_001_glass.jpg,glass,0.1726,UNCERTAIN,MATCH,0.1623,0.1726,0.1661,0.1634,0.1698,0.1659
glass22.jpg,Glass,1,glass,0.917,185,128,431,383,D:\DACN\week4\crops\glass22_det_001_glass.jpg,metal,0.1701,UNCERTAIN,MISMATCH,0.1647,0.1667,0.1701,0.1641,0.1671,0.1672
glass220.jpg,Glass,1,glass,0.8329,83,140,279,245,D:\DACN\week4\crops\glass220_det_001_glass.jpg,glass,0.1718,UNCERTAIN,MATCH,0.1623,0.1718,0.1643,0.1651,0.171,0.1655
glass221.jpg,Glass,1,glass,0.8299,205,57,334,314,D:\DACN\week4\crops\glass221_det_001_glass.jpg,glass,0.1708,UNCERTAIN,MATCH,0.1638,0.1708,0.1648,0.165,0.1695,0.1662
glass222.jpg,Glass,1,glass,0.8531,158,129,380,280,D:\DACN\week4\crops\glass222_det_001_glass.jpg,glass,0.1718,UNCERTAIN,MATCH,0.1611,0.1718,0.1671,0.163,0.1714,0.1656
glass223.jpg,Glass,1,glass,0.9166,161,147,301,252,D:\DACN\week4\crops\glass223_det_001_glass.jpg,metal,0.169,UNCERTAIN,MISMATCH,0.1635,0.1686,0.169,0.1653,0.1679,0.1657
glass224.jpg,Glass,1,glass,0.8859,45,137,300,251,D:\DACN\week4\crops\glass224_det_001_glass.jpg,glass,0.172,UNCERTAIN,MATCH,0.1634,0.172,0.1641,0.1674,0.1697,0.1634
glass225.jpg,Glass,1,glass,0.9035,104,104,409,270,D:\DACN\week4\crops\glass225_det_001_glass.jpg,glass,0.1726,UNCERTAIN,MATCH,0.1613,0.1726,0.1673,0.1659,0.1696,0.1633
glass226.jpg,Glass,1,glass,0.8615,143,150,468,383,D:\DACN\week4\crops\glass226_det_001_glass.jpg,plastic,0.1719,UNCERTAIN,MISMATCH,0.162,0.1706,0.165,0.166,0.1719,0.1645
glass227.jpg,Glass,1,glass,0.8846,95,138,332,305,D:\DACN\week4\crops\glass227_det_001_glass.jpg,glass,0.1723,UNCERTAIN,MATCH,0.165,0.1723,0.1662,0.1626,0.1689,0.1649
glass228.jpg,Glass,1,glass,0.8431,213,120,329,237,D:\DACN\week4\crops\glass228_det_001_glass.jpg,glass,0.1711,UNCERTAIN,MATCH,0.1626,0.1711,0.17,0.1627,0.1682,0.1655
glass229.jpg,Glass,1,glass,0.9234,82,113,456,304,D:\DACN\week4\crops\glass229_det_001_glass.jpg,glass,0.1711,UNCERTAIN,MATCH,0.1647,0.1711,0.1653,0.1637,0.1693,0.1659
glass230.jpg,Glass,1,glass,0.8966,98,120,344,254,D:\DACN\week4\crops\glass230_det_001_glass.jpg,glass,0.1724,UNCERTAIN,MATCH,0.1635,0.1724,0.1678,0.1628,0.1685,0.1651
glass231.jpg,Glass,1,glass,0.8599,85,9,268,384,D:\DACN\week4\crops\glass231_det_001_glass.jpg,glass,0.1709,UNCERTAIN,MATCH,0.1649,0.1709,0.1654,0.1641,0.1685,0.1662
glass232.jpg,Glass,1,glass,0.92,85,65,441,348,D:\DACN\week4\crops\glass232_det_001_glass.jpg,glass,0.1755,UNCERTAIN,MATCH,0.1587,0.1755,0.1657,0.1621,0.172,0.166
glass234.jpg,Glass,1,glass,0.7691,0,165,225,301,D:\DACN\week4\crops\glass234_det_001_glass.jpg,glass,0.1712,UNCERTAIN,MATCH,0.1639,0.1712,0.1641,0.1652,0.1694,0.1662
glass236.jpg,Glass,1,glass,0.8757,96,91,344,271,D:\DACN\week4\crops\glass236_det_001_glass.jpg,glass,0.1714,UNCERTAIN,MATCH,0.1627,0.1714,0.1694,0.1632,0.168,0.1653
glass238.jpg,Glass,1,glass,0.8452,127,0,294,231,D:\DACN\week4\crops\glass238_det_001_glass.jpg,glass,0.1717,UNCERTAIN,MATCH,0.1654,0.1717,0.1664,0.1627,0.1682,0.1657
glass239.jpg,Glass,1,glass,0.8531,227,135,512,295,D:\DACN\week4\crops\glass239_det_001_glass.jpg,glass,0.1727,UNCERTAIN,MATCH,0.1631,0.1727,0.1678,0.1623,0.1698,0.1644
glass24.jpg,Glass,1,glass,0.8991,201,146,303,250,D:\DACN\week4\crops\glass24_det_001_glass.jpg,glass,0.1716,UNCERTAIN,MATCH,0.1622,0.1716,0.1683,0.1632,0.1688,0.1658
glass240.jpg,Glass,1,glass,0.9075,258,133,510,383,D:\DACN\week4\crops\glass240_det_001_glass.jpg,glass,0.1687,UNCERTAIN,MATCH,0.1666,0.1687,0.167,0.1637,0.1669,0.1672
glass241.jpg,Glass,1,glass,0.8354,99,188,292,383,D:\DACN\week4\crops\glass241_det_001_glass.jpg,glass,0.1705,UNCERTAIN,MATCH,0.1633,0.1705,0.1657,0.1639,0.1697,0.1669
glass242.jpg,Glass,1,glass,0.8242,260,80,511,254,D:\DACN\week4\crops\glass242_det_001_glass.jpg,glass,0.1739,UNCERTAIN,MATCH,0.1622,0.1739,0.1654,0.1615,0.1719,0.1651
glass243.jpg,Glass,1,glass,0.8436,217,0,461,384,D:\DACN\week4\crops\glass243_det_001_glass.jpg,plastic,0.1708,UNCERTAIN,MISMATCH,0.164,0.1702,0.1634,0.1645,0.1708,0.1671
glass244.jpg,Glass,1,glass,0.8769,5,105,395,279,D:\DACN\week4\crops\glass244_det_001_glass.jpg,glass,0.171,UNCERTAIN,MATCH,0.1662,0.171,0.1645,0.1651,0.1693,0.164
glass245.jpg,Glass,1,glass,0.939,73,63,399,328,D:\DACN\week4\crops\glass245_det_001_glass.jpg,glass,0.1713,UNCERTAIN,MATCH,0.1644,0.1713,0.1657,0.1647,0.1687,0.1652
glass246.jpg,Glass,1,glass,0.8743,35,162,289,313,D:\DACN\week4\crops\glass246_det_001_glass.jpg,glass,0.1714,UNCERTAIN,MATCH,0.1645,0.1714,0.1656,0.1646,0.1685,0.1654
glass247.jpg,Glass,1,glass,0.7986,2,117,380,365,D:\DACN\week4\crops\glass247_det_001_glass.jpg,glass,0.1701,UNCERTAIN,MATCH,0.1657,0.1701,0.1651,0.1657,0.1683,0.165
glass249.jpg,Glass,1,glass,0.9103,58,131,418,339,D:\DACN\week4\crops\glass249_det_001_glass.jpg,glass,0.1771,UNCERTAIN,MATCH,0.1573,0.1771,0.167,0.1636,0.1713,0.1637
glass25.jpg,Glass,1,glass,0.9029,110,111,465,384,D:\DACN\week4\crops\glass25_det_001_glass.jpg,glass,0.1751,UNCERTAIN,MATCH,0.1595,0.1751,0.1663,0.1634,0.1713,0.1645
glass251.jpg,Glass,1,glass,0.9313,61,61,334,292,D:\DACN\week4\crops\glass251_det_001_glass.jpg,glass,0.1726,UNCERTAIN,MATCH,0.1624,0.1726,0.1697,0.163,0.168,0.1643
glass252.jpg,Glass,1,glass,0.8593,174,161,347,382,D:\DACN\week4\crops\glass252_det_001_glass.jpg,glass,0.1701,UNCERTAIN,MATCH,0.1642,0.1701,0.1682,0.1638,0.1678,0.166
glass253.jpg,Glass,1,glass,0.8881,182,117,384,383,D:\DACN\week4\crops\glass253_det_001_glass.jpg,glass,0.1736,UNCERTAIN,MATCH,0.1591,0.1736,0.1703,0.1627,0.17,0.1643
glass254.jpg,Glass,1,glass,0.7704,40,245,493,384,D:\DACN\week4\crops\glass254_det_001_glass.jpg,glass,0.172,UNCERTAIN,MATCH,0.1627,0.172,0.1657,0.166,0.1695,0.164
glass254.jpg,Glass,1,glass,0.6849,31,290,499,383,D:\DACN\week4\crops\glass254_det_002_glass.jpg,glass,0.1721,UNCERTAIN,MATCH,0.1622,0.1721,0.166,0.1659,0.17,0.1639
glass255.jpg,Glass,1,glass,0.9252,41,5,439,202,D:\DACN\week4\crops\glass255_det_001_glass.jpg,plastic,0.1706,UNCERTAIN,MISMATCH,0.1658,0.1663,0.1634,0.1667,0.1706,0.1673
glass256.jpg,Glass,1,glass,0.897,1,219,359,384,D:\DACN\week4\crops\glass256_det_001_glass.jpg,metal,0.1696,UNCERTAIN,MISMATCH,0.1671,0.1661,0.1696,0.1648,0.1661,0.1663
glass258.jpg,Glass,1,glass,0.9169,2,145,383,379,D:\DACN\week4\crops\glass258_det_001_glass.jpg,glass,0.1756,UNCERTAIN,MATCH,0.1624,0.1756,0.1651,0.1636,0.1701,0.1632
glass259.jpg,Glass,1,glass,0.902,66,163,368,329,D:\DACN\week4\crops\glass259_det_001_glass.jpg,glass,0.1733,UNCERTAIN,MATCH,0.1639,0.1733,0.1677,0.1636,0.1679,0.1635
glass26.jpg,Glass,1,glass,0.8734,40,60,448,315,D:\DACN\week4\crops\glass26_det_001_glass.jpg,glass,0.1695,UNCERTAIN,MATCH,0.1669,0.1695,0.1646,0.164,0.1694,0.1656
glass260.jpg,Glass,1,glass,0.9214,115,104,512,384,D:\DACN\week4\crops\glass260_det_001_glass.jpg,glass,0.1687,UNCERTAIN,MATCH,0.1662,0.1687,0.1642,0.1653,0.1683,0.1673
glass262.jpg,Glass,1,glass,0.7444,210,190,391,384,D:\DACN\week4\crops\glass262_det_001_glass.jpg,glass,0.1727,UNCERTAIN,MATCH,0.1653,0.1727,0.165,0.1634,0.1685,0.1651
glass263.jpg,Glass,1,glass,0.8828,0,158,295,379,D:\DACN\week4\crops\glass263_det_001_glass.jpg,glass,0.171,UNCERTAIN,MATCH,0.1645,0.171,0.164,0.1652,0.1687,0.1666
glass264.jpg,Glass,1,glass,0.9159,104,72,504,384,D:\DACN\week4\crops\glass264_det_001_glass.jpg,glass,0.1712,UNCERTAIN,MATCH,0.1637,0.1712,0.1644,0.1648,0.1693,0.1667
glass265.jpg,Glass,1,glass,0.817,138,81,453,384,D:\DACN\week4\crops\glass265_det_001_glass.jpg,glass,0.1731,UNCERTAIN,MATCH,0.1608,0.1731,0.1648,0.1652,0.171,0.1651
glass266.jpg,Glass,1,glass,0.8906,0,189,303,383,D:\DACN\week4\crops\glass266_det_001_glass.jpg,glass,0.1717,UNCERTAIN,MATCH,0.1634,0.1717,0.1638,0.1634,0.1709,0.1667
glass268.jpg,Glass,1,glass,0.8711,0,1,412,360,D:\DACN\week4\crops\glass268_det_001_glass.jpg,glass,0.1723,UNCERTAIN,MATCH,0.163,0.1723,0.1651,0.1645,0.1703,0.1649
glass269.jpg,Glass,1,glass,0.8745,0,34,489,280,D:\DACN\week4\crops\glass269_det_001_glass.jpg,glass,0.172,UNCERTAIN,MATCH,0.163,0.172,0.1657,0.1648,0.1708,0.1637
glass27.jpg,Glass,1,glass,0.9428,140,31,433,382,D:\DACN\week4\crops\glass27_det_001_glass.jpg,glass,0.1725,UNCERTAIN,MATCH,0.1614,0.1725,0.1671,0.1628,0.1683,0.168
glass270.jpg,Glass,1,glass,0.8052,149,0,363,362,D:\DACN\week4\crops\glass270_det_001_glass.jpg,plastic,0.1701,UNCERTAIN,MISMATCH,0.1619,0.1684,0.1692,0.1653,0.1701,0.1651
glass271.jpg,Glass,1,glass,0.9001,141,0,377,383,D:\DACN\week4\crops\glass271_det_001_glass.jpg,glass,0.1712,UNCERTAIN,MATCH,0.1653,0.1712,0.1677,0.1633,0.1674,0.1651
glass272.jpg,Glass,1,glass,0.9038,0,69,455,283,D:\DACN\week4\crops\glass272_det_001_glass.jpg,glass,0.1697,UNCERTAIN,MATCH,0.1655,0.1697,0.1656,0.1652,0.168,0.166
glass273.jpg,Glass,1,glass,0.926,125,27,396,384,D:\DACN\week4\crops\glass273_det_001_glass.jpg,glass,0.1704,UNCERTAIN,MATCH,0.1653,0.1704,0.1669,0.1645,0.168,0.1648
glass274.jpg,Glass,1,glass,0.9353,2,58,382,315,D:\DACN\week4\crops\glass274_det_001_glass.jpg,glass,0.1754,UNCERTAIN,MATCH,0.1587,0.1754,0.168,0.1627,0.1707,0.1644
glass276.jpg,Glass,1,glass,0.8741,199,166,358,382,D:\DACN\week4\crops\glass276_det_001_glass.jpg,glass,0.1745,UNCERTAIN,MATCH,0.1595,0.1745,0.1692,0.1637,0.1701,0.163
glass277.jpg,Glass,1,glass,0.9008,82,95,512,321,D:\DACN\week4\crops\glass277_det_001_glass.jpg,glass,0.1724,UNCERTAIN,MATCH,0.163,0.1724,0.1654,0.1649,0.1708,0.1635
glass278.jpg,Glass,2,metal,0.5159,0,0,512,384,D:\DACN\week4\crops\glass278_det_001_metal.jpg,glass,0.171,UNCERTAIN,MISMATCH,0.1644,0.171,0.1632,0.1651,0.1691,0.1673
glass279.jpg,Glass,1,glass,0.8143,0,0,511,302,D:\DACN\week4\crops\glass279_det_001_glass.jpg,glass,0.1756,UNCERTAIN,MATCH,0.1596,0.1756,0.1666,0.1646,0.1715,0.1621
glass28.jpg,Glass,1,glass,0.7471,123,0,436,320,D:\DACN\week4\crops\glass28_det_001_glass.jpg,glass,0.1719,UNCERTAIN,MATCH,0.1636,0.1719,0.1676,0.1651,0.1678,0.164
glass280.jpg,Glass,1,glass,0.9518,0,0,356,384,D:\DACN\week4\crops\glass280_det_001_glass.jpg,glass,0.1752,UNCERTAIN,MATCH,0.1597,0.1752,0.1665,0.1638,0.1715,0.1633
glass281.jpg,Glass,1,glass,0.8641,221,138,343,265,D:\DACN\week4\crops\glass281_det_001_glass.jpg,glass,0.1764,UNCERTAIN,MATCH,0.1583,0.1764,0.1659,0.1646,0.1715,0.1634
glass283.jpg,Glass,1,glass,0.9163,164,103,475,384,D:\DACN\week4\crops\glass283_det_001_glass.jpg,metal,0.1694,UNCERTAIN,MISMATCH,0.1637,0.1689,0.1694,0.1648,0.1669,0.1664
glass284.jpg,Glass,1,glass,0.9325,159,110,512,384,D:\DACN\week4\crops\glass284_det_001_glass.jpg,plastic,0.1713,UNCERTAIN,MISMATCH,0.1627,0.17,0.1645,0.1675,0.1713,0.164
glass285.jpg,Glass,1,glass,0.9168,147,195,437,383,D:\DACN\week4\crops\glass285_det_001_glass.jpg,glass,0.1721,UNCERTAIN,MATCH,0.164,0.1721,0.1701,0.1622,0.1675,0.1641
glass286.jpg,Glass,1,glass,0.9039,178,65,395,384,D:\DACN\week4\crops\glass286_det_001_glass.jpg,glass,0.1717,UNCERTAIN,MATCH,0.1653,0.1717,0.166,0.1632,0.1681,0.1657
glass287.jpg,Glass,1,glass,0.8915,0,103,393,384,D:\DACN\week4\crops\glass287_det_001_glass.jpg,glass,0.1752,UNCERTAIN,MATCH,0.1589,0.1752,0.1659,0.164,0.1728,0.1632
glass288.jpg,Glass,1,glass,0.8694,148,75,325,254,D:\DACN\week4\crops\glass288_det_001_glass.jpg,glass,0.1703,UNCERTAIN,MATCH,0.1632,0.1703,0.168,0.1634,0.1687,0.1662
glass289.jpg,Glass,1,glass,0.9097,156,67,399,355,D:\DACN\week4\crops\glass289_det_001_glass.jpg,glass,0.175,UNCERTAIN,MATCH,0.1591,0.175,0.1676,0.162,0.1706,0.1657
glass29.jpg,Glass,1,glass,0.8459,189,6,464,384,D:\DACN\week4\crops\glass29_det_001_glass.jpg,glass,0.1724,UNCERTAIN,MATCH,0.1639,0.1724,0.1651,0.1642,0.1698,0.1646
glass291.jpg,Glass,1,glass,0.9159,220,0,505,384,D:\DACN\week4\crops\glass291_det_001_glass.jpg,glass,0.1718,UNCERTAIN,MATCH,0.1651,0.1718,0.1644,0.1641,0.1694,0.1651
glass292.jpg,Glass,1,glass,0.9056,227,74,460,384,D:\DACN\week4\crops\glass292_det_001_glass.jpg,glass,0.1721,UNCERTAIN,MATCH,0.1648,0.1721,0.1657,0.163,0.1694,0.165
glass294.jpg,Glass,1,glass,0.9387,49,40,360,308,D:\DACN\week4\crops\glass294_det_001_glass.jpg,glass,0.1726,UNCERTAIN,MATCH,0.1634,0.1726,0.1687,0.164,0.1674,0.164
glass297.jpg,Glass,1,glass,0.9408,77,64,355,318,D:\DACN\week4\crops\glass297_det_001_glass.jpg,glass,0.1746,UNCERTAIN,MATCH,0.1592,0.1746,0.1664,0.1632,0.1708,0.1658
glass298.jpg,Glass,1,glass,0.9167,133,0,388,197,D:\DACN\week4\crops\glass298_det_001_glass.jpg,glass,0.1727,UNCERTAIN,MATCH,0.1638,0.1727,0.169,0.1614,0.1682,0.1649
glass299.jpg,Glass,1,glass,0.8695,76,45,510,231,D:\DACN\week4\crops\glass299_det_001_glass.jpg,plastic,0.1685,UNCERTAIN,MISMATCH,0.1659,0.1674,0.1677,0.1638,0.1685,0.1667
glass3.jpg,Glass,1,glass,0.9025,138,110,303,246,D:\DACN\week4\crops\glass3_det_001_glass.jpg,glass,0.1749,UNCERTAIN,MATCH,0.1607,0.1749,0.1653,0.1645,0.1703,0.1643
glass30.jpg,Glass,1,glass,0.9086,197,82,371,383,D:\DACN\week4\crops\glass30_det_001_glass.jpg,glass,0.1752,UNCERTAIN,MATCH,0.1614,0.1752,0.1649,0.1612,0.1724,0.1649
glass300.jpg,Glass,1,glass,0.9065,207,36,423,384,D:\DACN\week4\crops\glass300_det_001_glass.jpg,glass,0.1708,UNCERTAIN,MATCH,0.1653,0.1708,0.1668,0.1627,0.1682,0.1663
glass301.jpg,Glass,1,glass,0.9166,0,22,503,286,D:\DACN\week4\crops\glass301_det_001_glass.jpg,glass,0.1681,UNCERTAIN,MATCH,0.1668,0.1681,0.1678,0.1655,0.1659,0.1659
glass302.jpg,Glass,1,glass,0.9315,66,0,397,319,D:\DACN\week4\crops\glass302_det_001_glass.jpg,glass,0.1754,UNCERTAIN,MATCH,0.1587,0.1754,0.1666,0.1622,0.1715,0.1656
glass304.jpg,Glass,1,glass,0.8888,202,107,360,249,D:\DACN\week4\crops\glass304_det_001_glass.jpg,glass,0.1751,UNCERTAIN,MATCH,0.1595,0.1751,0.1709,0.1629,0.1684,0.1632
glass305.jpg,Glass,1,glass,0.8789,66,106,445,261,D:\DACN\week4\crops\glass305_det_001_glass.jpg,glass,0.1771,UNCERTAIN,MATCH,0.1585,0.1771,0.1672,0.1633,0.1712,0.1627
glass306.jpg,Glass,1,glass,0.9198,48,23,472,252,D:\DACN\week4\crops\glass306_det_001_glass.jpg,glass,0.1727,UNCERTAIN,MATCH,0.1622,0.1727,0.1678,0.1622,0.1707,0.1644
glass308.jpg,Glass,1,glass,0.9483,30,3,428,383,D:\DACN\week4\crops\glass308_det_001_glass.jpg,glass,0.1721,UNCERTAIN,MATCH,0.1624,0.1721,0.1656,0.1626,0.171,0.1664
glass309.jpg,Glass,1,glass,0.9163,102,0,510,384,D:\DACN\week4\crops\glass309_det_001_glass.jpg,glass,0.175,UNCERTAIN,MATCH,0.1597,0.175,0.1687,0.163,0.1694,0.1642
glass31.jpg,Glass,1,glass,0.9485,24,40,353,382,D:\DACN\week4\crops\glass31_det_001_glass.jpg,glass,0.1737,UNCERTAIN,MATCH,0.1602,0.1737,0.166,0.1652,0.1697,0.1652
glass310.jpg,Glass,1,glass,0.8983,0,108,472,384,D:\DACN\week4\crops\glass310_det_001_glass.jpg,glass,0.176,UNCERTAIN,MATCH,0.1594,0.176,0.167,0.1635,0.1713,0.1628
glass312.jpg,Glass,1,glass,0.9105,0,0,392,384,D:\DACN\week4\crops\glass312_det_001_glass.jpg,glass,0.176,UNCERTAIN,MATCH,0.1594,0.176,0.1658,0.1649,0.1713,0.1627
glass314.jpg,Glass,1,glass,0.9215,0,33,262,319,D:\DACN\week4\crops\glass314_det_001_glass.jpg,glass,0.1723,UNCERTAIN,MATCH,0.1644,0.1723,0.1698,0.1631,0.1666,0.1638
glass315.jpg,Glass,1,glass,0.8905,26,87,460,384,D:\DACN\week4\crops\glass315_det_001_glass.jpg,glass,0.1755,UNCERTAIN,MATCH,0.1592,0.1755,0.1679,0.1626,0.1704,0.1643
glass317.jpg,Glass,1,glass,0.8829,18,119,487,303,D:\DACN\week4\crops\glass317_det_001_glass.jpg,glass,0.1714,UNCERTAIN,MATCH,0.1656,0.1714,0.1658,0.163,0.169,0.1651
glass318.jpg,Glass,1,glass,0.9078,98,0,511,384,D:\DACN\week4\crops\glass318_det_001_glass.jpg,glass,0.1731,UNCERTAIN,MATCH,0.1615,0.1731,0.1674,0.1637,0.1701,0.1641
glass320.jpg,Glass,1,glass,0.8488,23,107,428,292,D:\DACN\week4\crops\glass320_det_001_glass.jpg,glass,0.172,UNCERTAIN,MATCH,0.1638,0.172,0.167,0.1624,0.1702,0.1645
glass321.jpg,Glass,1,glass,0.895,121,0,355,384,D:\DACN\week4\crops\glass321_det_001_glass.jpg,glass,0.1698,UNCERTAIN,MATCH,0.1665,0.1698,0.1654,0.1645,0.1684,0.1655
glass323.jpg,Glass,1,glass,0.9301,2,86,281,384,D:\DACN\week4\crops\glass323_det_001_glass.jpg,plastic,0.1699,UNCERTAIN,MISMATCH,0.1639,0.1699,0.1659,0.1638,0.1699,0.1666
glass324.jpg,Glass,1,glass,0.9087,64,27,511,384,D:\DACN\week4\crops\glass324_det_001_glass.jpg,glass,0.1748,UNCERTAIN,MATCH,0.1594,0.1748,0.1654,0.1628,0.1718,0.1657
glass327.jpg,Glass,1,glass,0.8851,0,69,502,312,D:\DACN\week4\crops\glass327_det_001_glass.jpg,glass,0.1754,UNCERTAIN,MATCH,0.1604,0.1754,0.1668,0.1651,0.1705,0.1618
glass328.jpg,Glass,1,glass,0.8716,168,0,409,384,D:\DACN\week4\crops\glass328_det_001_glass.jpg,glass,0.1717,UNCERTAIN,MATCH,0.1655,0.1717,0.1659,0.1661,0.1697,0.1611
glass329.jpg,Glass,1,glass,0.926,190,54,429,384,D:\DACN\week4\crops\glass329_det_001_glass.jpg,glass,0.1692,UNCERTAIN,MATCH,0.1659,0.1692,0.1659,0.1643,0.1679,0.1668
glass33.jpg,Glass,1,glass,0.8994,99,13,511,384,D:\DACN\week4\crops\glass33_det_001_glass.jpg,glass,0.1731,UNCERTAIN,MATCH,0.1649,0.1731,0.1652,0.163,0.1684,0.1655
glass330.jpg,Glass,1,glass,0.9135,137,94,367,384,D:\DACN\week4\crops\glass330_det_001_glass.jpg,glass,0.1705,UNCERTAIN,MATCH,0.1662,0.1705,0.1663,0.1632,0.1694,0.1645
glass331.jpg,Glass,1,glass,0.9289,118,64,392,326,D:\DACN\week4\crops\glass331_det_001_glass.jpg,glass,0.1758,UNCERTAIN,MATCH,0.1587,0.1758,0.1666,0.161,0.1721,0.1658
glass332.jpg,Glass,1,glass,0.8903,28,10,461,317,D:\DACN\week4\crops\glass332_det_001_glass.jpg,glass,0.1701,UNCERTAIN,MATCH,0.1676,0.1701,0.165,0.1628,0.1691,0.1654
glass333.jpg,Glass,1,glass,0.8197,184,0,422,365,D:\DACN\week4\crops\glass333_det_001_glass.jpg,glass,0.1716,UNCERTAIN,MATCH,0.1638,0.1716,0.1687,0.1625,0.1689,0.1645
glass334.jpg,Glass,1,glass,0.917,0,0,510,369,D:\DACN\week4\crops\glass334_det_001_glass.jpg,plastic,0.1707,UNCERTAIN,MISMATCH,0.1636,0.1702,0.1636,0.1652,0.1707,0.1666
glass335.jpg,Glass,1,glass,0.8999,131,88,491,383,D:\DACN\week4\crops\glass335_det_001_glass.jpg,glass,0.1721,UNCERTAIN,MATCH,0.1602,0.1721,0.1696,0.1643,0.1684,0.1653
glass336.jpg,Glass,1,glass,0.9413,67,35,436,299,D:\DACN\week4\crops\glass336_det_001_glass.jpg,glass,0.1724,UNCERTAIN,MATCH,0.1613,0.1724,0.1662,0.163,0.1712,0.1659
glass337.jpg,Glass,1,glass,0.8659,89,0,333,283,D:\DACN\week4\crops\glass337_det_001_glass.jpg,glass,0.1733,UNCERTAIN,MATCH,0.1627,0.1733,0.1665,0.1633,0.1701,0.1643
glass338.jpg,Glass,1,glass,0.9398,96,105,359,269,D:\DACN\week4\crops\glass338_det_001_glass.jpg,glass,0.172,UNCERTAIN,MATCH,0.1614,0.172,0.1687,0.162,0.1701,0.1658
glass339.jpg,Glass,1,glass,0.8391,204,119,315,229,D:\DACN\week4\crops\glass339_det_001_glass.jpg,glass,0.1716,UNCERTAIN,MATCH,0.1633,0.1716,0.1683,0.1631,0.1691,0.1647
glass34.jpg,Glass,1,glass,0.9303,12,43,461,338,D:\DACN\week4\crops\glass34_det_001_glass.jpg,glass,0.1756,UNCERTAIN,MATCH,0.1602,0.1756,0.1664,0.1614,0.1715,0.1649
glass340.jpg,Glass,1,glass,0.9181,101,0,510,384,D:\DACN\week4\crops\glass340_det_001_glass.jpg,glass,0.1713,UNCERTAIN,MATCH,0.1628,0.1713,0.1659,0.1635,0.1696,0.1669
glass341.jpg,Glass,1,glass,0.8967,104,0,505,335,D:\DACN\week4\crops\glass341_det_001_glass.jpg,glass,0.1737,UNCERTAIN,MATCH,0.1602,0.1737,0.1655,0.1647,0.1709,0.1651
glass343.jpg,Glass,1,glass,0.9513,179,61,478,383,D:\DACN\week4\crops\glass343_det_001_glass.jpg,glass,0.1728,UNCERTAIN,MATCH,0.1618,0.1728,0.1686,0.1652,0.1682,0.1635
glass345.jpg,Glass,1,glass,0.91,198,15,438,384,D:\DACN\week4\crops\glass345_det_001_glass.jpg,glass,0.1732,UNCERTAIN,MATCH,0.1632,0.1732,0.1664,0.1623,0.1694,0.1655
glass346.jpg,Glass,1,glass,0.8935,148,0,511,382,D:\DACN\week4\crops\glass346_det_001_glass.jpg,glass,0.1735,UNCERTAIN,MATCH,0.1618,0.1735,0.1661,0.1659,0.1696,0.163
glass347.jpg,Glass,1,glass,0.9105,4,150,313,384,D:\DACN\week4\crops\glass347_det_001_glass.jpg,glass,0.1753,UNCERTAIN,MATCH,0.159,0.1753,0.1667,0.1637,0.1706,0.1648
glass349.jpg,Glass,1,glass,0.8957,108,166,456,383,D:\DACN\week4\crops\glass349_det_001_glass.jpg,metal,0.1714,UNCERTAIN,MISMATCH,0.163,0.1702,0.1714,0.1649,0.1661,0.1644
glass35.jpg,Glass,1,glass,0.9217,3,0,485,381,D:\DACN\week4\crops\glass35_det_001_glass.jpg,glass,0.1758,UNCERTAIN,MATCH,0.159,0.1758,0.166,0.1617,0.1716,0.1659
glass350.jpg,Glass,1,glass,0.9179,184,67,512,383,D:\DACN\week4\crops\glass350_det_001_glass.jpg,glass,0.1744,UNCERTAIN,MATCH,0.1605,0.1744,0.1691,0.1636,0.1699,0.1625
glass352.jpg,Glass,1,glass,0.916,94,53,365,378,D:\DACN\week4\crops\glass352_det_001_glass.jpg,glass,0.1742,UNCERTAIN,MATCH,0.1602,0.1742,0.1658,0.163,0.1706,0.1661
glass353.jpg,Glass,1,glass,0.9317,149,128,380,383,D:\DACN\week4\crops\glass353_det_001_glass.jpg,glass,0.1729,UNCERTAIN,MATCH,0.1619,0.1729,0.1669,0.1635,0.1696,0.1652
glass354.jpg,Glass,1,glass,0.8792,18,105,446,282,D:\DACN\week4\crops\glass354_det_001_glass.jpg,glass,0.1721,UNCERTAIN,MATCH,0.1624,0.1721,0.1645,0.1655,0.171,0.1644
glass355.jpg,Glass,1,glass,0.8654,106,0,511,293,D:\DACN\week4\crops\glass355_det_001_glass.jpg,glass,0.1747,UNCERTAIN,MATCH,0.1631,0.1747,0.1666,0.1615,0.1695,0.1645
glass356.jpg,Glass,1,glass,0.948,58,5,430,346,D:\DACN\week4\crops\glass356_det_001_glass.jpg,glass,0.1743,UNCERTAIN,MATCH,0.1592,0.1743,0.1671,0.1634,0.17,0.166
glass357.jpg,Glass,1,glass,0.8947,1,0,510,384,D:\DACN\week4\crops\glass357_det_001_glass.jpg,glass,0.1769,UNCERTAIN,MATCH,0.1598,0.1769,0.1659,0.1646,0.1699,0.1629
glass360.jpg,Glass,1,glass,0.8797,63,77,511,295,D:\DACN\week4\crops\glass360_det_001_glass.jpg,metal,0.1693,UNCERTAIN,MISMATCH,0.164,0.1664,0.1693,0.1664,0.167,0.1668
glass361.jpg,Glass,1,glass,0.9455,107,56,435,383,D:\DACN\week4\crops\glass361_det_001_glass.jpg,glass,0.1719,UNCERTAIN,MATCH,0.1635,0.1719,0.1671,0.1632,0.1677,0.1667
glass362.jpg,Glass,1,glass,0.913,118,56,331,311,D:\DACN\week4\crops\glass362_det_001_glass.jpg,glass,0.1752,UNCERTAIN,MATCH,0.1601,0.1752,0.168,0.1617,0.1716,0.1634
glass363.jpg,Glass,1,glass,0.8643,23,132,512,331,D:\DACN\week4\crops\glass363_det_001_glass.jpg,glass,0.1743,UNCERTAIN,MATCH,0.1629,0.1743,0.1673,0.1624,0.1691,0.164
glass364.jpg,Glass,1,glass,0.8558,0,1,512,384,D:\DACN\week4\crops\glass364_det_001_glass.jpg,glass,0.1728,UNCERTAIN,MATCH,0.161,0.1728,0.166,0.1676,0.1682,0.1644
glass365.jpg,Glass,1,glass,0.9078,148,1,349,280,D:\DACN\week4\crops\glass365_det_001_glass.jpg,glass,0.1715,UNCERTAIN,MATCH,0.1635,0.1715,0.1692,0.1629,0.1681,0.1648
glass366.jpg,Glass,1,glass,0.9302,234,76,508,384,D:\DACN\week4\crops\glass366_det_001_glass.jpg,glass,0.1713,UNCERTAIN,MATCH,0.1644,0.1713,0.1642,0.1642,0.1703,0.1657
glass367.jpg,Glass,1,glass,0.8834,87,104,511,329,D:\DACN\week4\crops\glass367_det_001_glass.jpg,glass,0.17,UNCERTAIN,MATCH,0.1657,0.17,0.1658,0.1646,0.169,0.1649
glass368.jpg,Glass,1,glass,0.9411,222,56,428,384,D:\DACN\week4\crops\glass368_det_001_glass.jpg,glass,0.1732,UNCERTAIN,MATCH,0.1642,0.1732,0.1678,0.1626,0.1693,0.163
glass369.jpg,Glass,1,glass,0.8753,64,123,512,384,D:\DACN\week4\crops\glass369_det_001_glass.jpg,glass,0.1733,UNCERTAIN,MATCH,0.164,0.1733,0.1649,0.1637,0.1701,0.1639
glass371.jpg,Glass,1,glass,0.9385,84,54,442,384,D:\DACN\week4\crops\glass371_det_001_glass.jpg,glass,0.1706,UNCERTAIN,MATCH,0.1669,0.1706,0.1654,0.1644,0.1678,0.1649
glass372.jpg,Glass,1,glass,0.904,53,108,412,260,D:\DACN\week4\crops\glass372_det_001_glass.jpg,glass,0.1726,UNCERTAIN,MATCH,0.1653,0.1726,0.1668,0.1632,0.1668,0.1651
glass373.jpg,Glass,1,glass,0.7662,165,0,338,343,D:\DACN\week4\crops\glass373_det_001_glass.jpg,glass,0.171,UNCERTAIN,MATCH,0.1635,0.171,0.168,0.1632,0.1686,0.1657
glass375.jpg,Glass,1,glass,0.9159,119,81,512,344,D:\DACN\week4\crops\glass375_det_001_glass.jpg,glass,0.1685,UNCERTAIN,MATCH,0.1648,0.1685,0.1684,0.1659,0.1676,0.1648
glass376.jpg,Glass,1,glass,0.9335,62,107,512,384,D:\DACN\week4\crops\glass376_det_001_glass.jpg,glass,0.1733,UNCERTAIN,MATCH,0.1617,0.1733,0.1642,0.1629,0.1713,0.1666
glass377.jpg,Glass,1,glass,0.9197,48,0,437,384,D:\DACN\week4\crops\glass377_det_001_glass.jpg,glass,0.1736,UNCERTAIN,MATCH,0.1609,0.1736,0.1676,0.1625,0.1708,0.1645
glass379.jpg,Glass,1,glass,0.9358,0,0,410,384,D:\DACN\week4\crops\glass379_det_001_glass.jpg,glass,0.1738,UNCERTAIN,MATCH,0.1629,0.1738,0.1664,0.1617,0.1704,0.1649
glass38.jpg,Glass,1,glass,0.9316,67,115,460,384,D:\DACN\week4\crops\glass38_det_001_glass.jpg,glass,0.1727,UNCERTAIN,MATCH,0.1602,0.1727,0.1706,0.1619,0.1687,0.1658
glass380.jpg,Glass,1,glass,0.9031,159,118,323,248,D:\DACN\week4\crops\glass380_det_001_glass.jpg,glass,0.1722,UNCERTAIN,MATCH,0.1598,0.1722,0.1677,0.1639,0.1705,0.1659
glass381.jpg,Glass,1,glass,0.8685,2,25,512,316,D:\DACN\week4\crops\glass381_det_001_glass.jpg,glass,0.1736,UNCERTAIN,MATCH,0.1631,0.1736,0.1677,0.1615,0.169,0.1651
glass382.jpg,Glass,1,glass,0.9258,197,104,485,384,D:\DACN\week4\crops\glass382_det_001_glass.jpg,glass,0.1703,UNCERTAIN,MATCH,0.163,0.1703,0.1659,0.1645,0.169,0.1673
glass384.jpg,Glass,1,glass,0.8733,0,73,487,281,D:\DACN\week4\crops\glass384_det_001_glass.jpg,glass,0.1711,UNCERTAIN,MATCH,0.1654,0.1711,0.165,0.1644,0.1685,0.1656
glass385.jpg,Glass,1,glass,0.8859,108,0,455,384,D:\DACN\week4\crops\glass385_det_001_glass.jpg,glass,0.1699,UNCERTAIN,MATCH,0.1657,0.1699,0.1682,0.1645,0.1673,0.1644
glass387.jpg,Glass,1,glass,0.9504,36,47,420,344,D:\DACN\week4\crops\glass387_det_001_glass.jpg,glass,0.1724,UNCERTAIN,MATCH,0.1622,0.1724,0.165,0.1651,0.1697,0.1655
glass388.jpg,Glass,1,glass,0.9208,175,0,472,384,D:\DACN\week4\crops\glass388_det_001_glass.jpg,glass,0.1725,UNCERTAIN,MATCH,0.1606,0.1725,0.1659,0.1656,0.1724,0.1631
glass389.jpg,Glass,1,glass,0.8834,45,28,466,384,D:\DACN\week4\crops\glass389_det_001_glass.jpg,glass,0.1747,UNCERTAIN,MATCH,0.159,0.1747,0.1654,0.1655,0.1715,0.1638
glass39.jpg,Glass,1,glass,0.9134,81,72,462,320,D:\DACN\week4\crops\glass39_det_001_glass.jpg,glass,0.1761,UNCERTAIN,MATCH,0.1599,0.1761,0.1648,0.1626,0.1728,0.1638
glass390.jpg,Glass,1,glass,0.8756,1,117,508,384,D:\DACN\week4\crops\glass390_det_001_glass.jpg,glass,0.1729,UNCERTAIN,MATCH,0.163,0.1729,0.1702,0.1629,0.1666,0.1644
glass391.jpg,Glass,1,glass,0.8859,61,7,501,384,D:\DACN\week4\crops\glass391_det_001_glass.jpg,glass,0.174,UNCERTAIN,MATCH,0.1643,0.174,0.166,0.1629,0.167,0.1658
glass393.jpg,Glass,1,glass,0.9221,203,59,512,384,D:\DACN\week4\crops\glass393_det_001_glass.jpg,glass,0.1737,UNCERTAIN,MATCH,0.1613,0.1737,0.1662,0.1622,0.1704,0.1662
glass394.jpg,Glass,1,glass,0.9126,1,0,331,323,D:\DACN\week4\crops\glass394_det_001_glass.jpg,glass,0.1701,UNCERTAIN,MATCH,0.1667,0.1701,0.167,0.1632,0.168,0.165
glass395.jpg,Glass,1,glass,0.8708,83,140,512,363,D:\DACN\week4\crops\glass395_det_001_glass.jpg,glass,0.1724,UNCERTAIN,MATCH,0.164,0.1724,0.166,0.1633,0.1699,0.1644
glass396.jpg,Glass,1,glass,0.9251,216,0,512,316,D:\DACN\week4\crops\glass396_det_001_glass.jpg,glass,0.1733,UNCERTAIN,MATCH,0.1609,0.1733,0.167,0.1637,0.1701,0.165
glass397.jpg,Glass,1,glass,0.9001,0,23,485,335,D:\DACN\week4\crops\glass397_det_001_glass.jpg,glass,0.1717,UNCERTAIN,MATCH,0.1661,0.1717,0.1653,0.1641,0.168,0.1648
glass398.jpg,Glass,1,glass,0.8883,122,75,377,308,D:\DACN\week4\crops\glass398_det_001_glass.jpg,glass,0.175,UNCERTAIN,MATCH,0.1592,0.175,0.1669,0.1629,0.1706,0.1654
glass40.jpg,Glass,1,glass,0.8743,5,0,512,384,D:\DACN\week4\crops\glass40_det_001_glass.jpg,glass,0.1691,UNCERTAIN,MATCH,0.1673,0.1691,0.1654,0.1655,0.1666,0.1662
glass401.jpg,Glass,1,glass,0.9085,1,0,510,384,D:\DACN\week4\crops\glass401_det_001_glass.jpg,glass,0.171,UNCERTAIN,MATCH,0.1675,0.171,0.1639,0.1643,0.1678,0.1656
glass402.jpg,Glass,1,glass,0.9422,128,27,481,384,D:\DACN\week4\crops\glass402_det_001_glass.jpg,glass,0.1702,UNCERTAIN,MATCH,0.1633,0.1702,0.1659,0.1666,0.1685,0.1655
glass403.jpg,Glass,1,glass,0.8804,93,169,509,383,D:\DACN\week4\crops\glass403_det_001_glass.jpg,glass,0.1757,UNCERTAIN,MATCH,0.1583,0.1757,0.1675,0.1633,0.1706,0.1646
glass406.jpg,Glass,1,glass,0.9196,52,62,509,333,D:\DACN\week4\crops\glass406_det_001_glass.jpg,glass,0.1725,UNCERTAIN,MATCH,0.1651,0.1725,0.1641,0.1621,0.17,0.1661
glass408.jpg,Glass,1,glass,0.8534,0,52,502,335,D:\DACN\week4\crops\glass408_det_001_glass.jpg,glass,0.1733,UNCERTAIN,MATCH,0.1615,0.1733,0.1666,0.1629,0.1706,0.165
glass41.jpg,Glass,1,glass,0.8662,159,74,412,340,D:\DACN\week4\crops\glass41_det_001_glass.jpg,glass,0.175,UNCERTAIN,MATCH,0.1609,0.175,0.1664,0.1638,0.17,0.164
glass410.jpg,Glass,1,glass,0.9049,31,128,511,384,D:\DACN\week4\crops\glass410_det_001_glass.jpg,glass,0.1729,UNCERTAIN,MATCH,0.1615,0.1729,0.1685,0.1637,0.17,0.1634
glass411.jpg,Glass,1,glass,0.8029,1,0,483,381,D:\DACN\week4\crops\glass411_det_001_glass.jpg,glass,0.1728,UNCERTAIN,MATCH,0.1629,0.1728,0.1664,0.1634,0.17,0.1645
glass413.jpg,Glass,1,glass,0.9071,28,100,459,302,D:\DACN\week4\crops\glass413_det_001_glass.jpg,glass,0.1707,UNCERTAIN,MATCH,0.1625,0.1707,0.1671,0.1645,0.1704,0.1648
glass414.jpg,Glass,1,glass,0.9414,36,10,374,308,D:\DACN\week4\crops\glass414_det_001_glass.jpg,glass,0.175,UNCERTAIN,MATCH,0.1598,0.175,0.1668,0.163,0.1701,0.1652
glass415.jpg,Glass,1,glass,0.9149,88,118,426,251,D:\DACN\week4\crops\glass415_det_001_glass.jpg,glass,0.169,UNCERTAIN,MATCH,0.168,0.169,0.1666,0.1627,0.167,0.1668
glass416.jpg,Glass,1,glass,0.9064,56,124,487,384,D:\DACN\week4\crops\glass416_det_001_glass.jpg,glass,0.1709,UNCERTAIN,MATCH,0.1618,0.1709,0.1697,0.1627,0.1698,0.1651
glass417.jpg,Glass,1,glass,0.9175,117,26,512,377,D:\DACN\week4\crops\glass417_det_001_glass.jpg,glass,0.1697,UNCERTAIN,MATCH,0.1668,0.1697,0.1667,0.1635,0.1664,0.1668
glass419.jpg,Glass,1,glass,0.9093,64,53,359,324,D:\DACN\week4\crops\glass419_det_001_glass.jpg,glass,0.1744,UNCERTAIN,MATCH,0.1599,0.1744,0.1669,0.1639,0.1705,0.1644
glass42.jpg,Glass,1,glass,0.896,1,0,395,377,D:\DACN\week4\crops\glass42_det_001_glass.jpg,glass,0.1744,UNCERTAIN,MATCH,0.1596,0.1744,0.167,0.164,0.1697,0.1653
glass421.jpg,Glass,1,glass,0.9466,166,27,512,250,D:\DACN\week4\crops\glass421_det_001_glass.jpg,glass,0.1745,UNCERTAIN,MATCH,0.1631,0.1745,0.1689,0.1634,0.1666,0.1636
glass422.jpg,Glass,1,glass,0.9045,118,87,320,244,D:\DACN\week4\crops\glass422_det_001_glass.jpg,glass,0.1757,UNCERTAIN,MATCH,0.1604,0.1757,0.1668,0.1633,0.1696,0.1642
glass424.jpg,Glass,1,glass,0.8985,121,1,290,293,D:\DACN\week4\crops\glass424_det_001_glass.jpg,glass,0.171,UNCERTAIN,MATCH,0.1651,0.171,0.1661,0.1634,0.1689,0.1656
glass426.jpg,Glass,1,glass,0.8908,105,129,511,381,D:\DACN\week4\crops\glass426_det_001_glass.jpg,glass,0.1719,UNCERTAIN,MATCH,0.1636,0.1719,0.1648,0.1647,0.1706,0.1644
glass427.jpg,Glass,1,glass,0.9042,59,51,357,310,D:\DACN\week4\crops\glass427_det_001_glass.jpg,glass,0.1748,UNCERTAIN,MATCH,0.1603,0.1748,0.1647,0.1658,0.1704,0.1639
glass428.jpg,Glass,1,glass,0.9009,72,62,378,353,D:\DACN\week4\crops\glass428_det_001_glass.jpg,glass,0.1731,UNCERTAIN,MATCH,0.16,0.1731,0.1658,0.163,0.1708,0.1674
glass429.jpg,Glass,1,glass,0.9227,169,93,511,384,D:\DACN\week4\crops\glass429_det_001_glass.jpg,glass,0.1713,UNCERTAIN,MATCH,0.1657,0.1713,0.165,0.1652,0.1685,0.1644
glass43.jpg,Glass,1,glass,0.9235,2,25,461,384,D:\DACN\week4\crops\glass43_det_001_glass.jpg,glass,0.1749,UNCERTAIN,MATCH,0.1599,0.1749,0.1677,0.1644,0.1711,0.162
glass430.jpg,Glass,1,glass,0.9069,160,73,408,383,D:\DACN\week4\crops\glass430_det_001_glass.jpg,glass,0.1702,UNCERTAIN,MATCH,0.1664,0.1702,0.1647,0.1649,0.1671,0.1668
glass431.jpg,Glass,1,glass,0.925,1,23,511,300,D:\DACN\week4\crops\glass431_det_001_glass.jpg,glass,0.1743,UNCERTAIN,MATCH,0.1616,0.1743,0.1651,0.1671,0.1702,0.1617
glass433.jpg,Glass,1,glass,0.8789,91,43,511,384,D:\DACN\week4\crops\glass433_det_001_glass.jpg,glass,0.1706,UNCERTAIN,MATCH,0.1667,0.1706,0.166,0.1644,0.1671,0.1652
glass434.jpg,Glass,1,glass,0.8726,55,56,512,330,D:\DACN\week4\crops\glass434_det_001_glass.jpg,glass,0.1721,UNCERTAIN,MATCH,0.1648,0.1721,0.1652,0.1661,0.1686,0.1633
glass436.jpg,Glass,1,glass,0.9049,130,0,415,383,D:\DACN\week4\crops\glass436_det_001_glass.jpg,glass,0.1764,UNCERTAIN,MATCH,0.1598,0.1764,0.1663,0.1625,0.1716,0.1634
glass438.jpg,Glass,1,glass,0.935,76,113,420,297,D:\DACN\week4\crops\glass438_det_001_glass.jpg,plastic,0.1707,UNCERTAIN,MISMATCH,0.1652,0.1673,0.164,0.1656,0.1707,0.1672
glass439.jpg,Glass,1,glass,0.8911,0,0,381,356,D:\DACN\week4\crops\glass439_det_001_glass.jpg,glass,0.1751,UNCERTAIN,MATCH,0.1597,0.1751,0.1655,0.164,0.1719,0.1638
glass44.jpg,Glass,1,glass,0.9011,24,77,449,250,D:\DACN\week4\crops\glass44_det_001_glass.jpg,glass,0.1721,UNCERTAIN,MATCH,0.1629,0.1721,0.1681,0.1642,0.1694,0.1633
glass440.jpg,Glass,1,glass,0.9378,172,0,502,297,D:\DACN\week4\crops\glass440_det_001_glass.jpg,glass,0.1733,UNCERTAIN,MATCH,0.1602,0.1733,0.1666,0.1638,0.1696,0.1666
glass442.jpg,Glass,1,glass,0.8912,0,0,512,384,D:\DACN\week4\crops\glass442_det_001_glass.jpg,glass,0.1733,UNCERTAIN,MATCH,0.1636,0.1733,0.1665,0.1631,0.1688,0.1646
glass443.jpg,Glass,1,glass,0.9495,113,111,512,384,D:\DACN\week4\crops\glass443_det_001_glass.jpg,glass,0.1716,UNCERTAIN,MATCH,0.1615,0.1716,0.1713,0.1612,0.1681,0.1663
glass444.jpg,Glass,1,glass,0.8599,187,103,302,214,D:\DACN\week4\crops\glass444_det_001_glass.jpg,metal,0.171,UNCERTAIN,MISMATCH,0.1616,0.1706,0.171,0.1631,0.1673,0.1665
glass445.jpg,Glass,1,glass,0.8949,0,56,511,303,D:\DACN\week4\crops\glass445_det_001_glass.jpg,trash,0.1681,UNCERTAIN,MISMATCH,0.1672,0.168,0.1651,0.165,0.1665,0.1681
glass446.jpg,Glass,1,glass,0.8494,27,65,485,254,D:\DACN\week4\crops\glass446_det_001_glass.jpg,glass,0.1714,UNCERTAIN,MATCH,0.1629,0.1714,0.1662,0.1634,0.1708,0.1652
glass45.jpg,Glass,1,glass,0.8375,140,97,512,380,D:\DACN\week4\crops\glass45_det_001_glass.jpg,glass,0.1712,UNCERTAIN,MATCH,0.1624,0.1712,0.1677,0.1637,0.1697,0.1652
glass451.jpg,Glass,1,glass,0.9273,1,30,500,374,D:\DACN\week4\crops\glass451_det_001_glass.jpg,glass,0.171,UNCERTAIN,MATCH,0.1649,0.171,0.1646,0.1637,0.1697,0.166
glass452.jpg,Glass,1,glass,0.9589,196,66,476,384,D:\DACN\week4\crops\glass452_det_001_glass.jpg,glass,0.1731,UNCERTAIN,MATCH,0.1627,0.1731,0.167,0.1634,0.1695,0.1644
glass453.jpg,Glass,1,glass,0.9354,164,105,373,315,D:\DACN\week4\crops\glass453_det_001_glass.jpg,glass,0.1738,UNCERTAIN,MATCH,0.1605,0.1738,0.1699,0.1619,0.1698,0.164
glass454.jpg,Glass,1,glass,0.9304,108,51,358,292,D:\DACN\week4\crops\glass454_det_001_glass.jpg,glass,0.1728,UNCERTAIN,MATCH,0.1611,0.1728,0.169,0.1624,0.1675,0.1671
glass455.jpg,Glass,1,glass,0.7933,0,0,398,384,D:\DACN\week4\crops\glass455_det_001_glass.jpg,glass,0.174,UNCERTAIN,MATCH,0.1602,0.174,0.1653,0.1653,0.1696,0.1655
glass456.jpg,Glass,1,glass,0.8954,27,75,512,308,D:\DACN\week4\crops\glass456_det_001_glass.jpg,glass,0.1769,UNCERTAIN,MATCH,0.1608,0.1769,0.1659,0.1632,0.1718,0.1614
glass457.jpg,Glass,1,glass,0.9382,145,96,511,384,D:\DACN\week4\crops\glass457_det_001_glass.jpg,glass,0.1711,UNCERTAIN,MATCH,0.162,0.1711,0.1683,0.1653,0.1683,0.165
glass458.jpg,Glass,1,glass,0.8994,151,25,431,379,D:\DACN\week4\crops\glass458_det_001_glass.jpg,glass,0.1752,UNCERTAIN,MATCH,0.159,0.1752,0.1679,0.1633,0.1694,0.1651
glass459.jpg,Glass,1,glass,0.9078,137,0,443,215,D:\DACN\week4\crops\glass459_det_001_glass.jpg,glass,0.1732,UNCERTAIN,MATCH,0.1639,0.1732,0.1675,0.1624,0.1674,0.1656
glass461.jpg,Glass,1,glass,0.9393,0,0,371,327,D:\DACN\week4\crops\glass461_det_001_glass.jpg,glass,0.1721,UNCERTAIN,MATCH,0.1616,0.1721,0.1658,0.1646,0.1712,0.1647
glass462.jpg,Glass,1,glass,0.9234,0,8,337,359,D:\DACN\week4\crops\glass462_det_001_glass.jpg,glass,0.1744,UNCERTAIN,MATCH,0.1597,0.1744,0.1664,0.1633,0.172,0.1641
glass463.jpg,Glass,1,glass,0.9323,211,72,511,384,D:\DACN\week4\crops\glass463_det_001_glass.jpg,glass,0.1722,UNCERTAIN,MATCH,0.1623,0.1722,0.1674,0.1647,0.1687,0.1647
glass464.jpg,Glass,1,glass,0.9395,1,1,511,311,D:\DACN\week4\crops\glass464_det_001_glass.jpg,glass,0.177,UNCERTAIN,MATCH,0.16,0.177,0.1646,0.1623,0.173,0.1632
glass465.jpg,Glass,1,glass,0.9004,92,105,511,360,D:\DACN\week4\crops\glass465_det_001_glass.jpg,glass,0.175,UNCERTAIN,MATCH,0.1622,0.175,0.1659,0.1639,0.1706,0.1623
glass466.jpg,Glass,1,glass,0.9095,121,151,372,382,D:\DACN\week4\crops\glass466_det_001_glass.jpg,glass,0.1722,UNCERTAIN,MATCH,0.1624,0.1722,0.1709,0.1635,0.1666,0.1644
glass467.jpg,Glass,1,glass,0.9223,151,74,511,384,D:\DACN\week4\crops\glass467_det_001_glass.jpg,glass,0.1695,UNCERTAIN,MATCH,0.1666,0.1695,0.1669,0.164,0.1682,0.1648
glass468.jpg,Glass,1,glass,0.9505,13,0,390,328,D:\DACN\week4\crops\glass468_det_001_glass.jpg,glass,0.1736,UNCERTAIN,MATCH,0.1617,0.1736,0.1668,0.1642,0.1703,0.1635
glass47.jpg,Glass,1,glass,0.9293,109,132,380,292,D:\DACN\week4\crops\glass47_det_001_glass.jpg,glass,0.172,UNCERTAIN,MATCH,0.165,0.172,0.1668,0.1635,0.168,0.1647
glass470.jpg,Glass,1,glass,0.8749,0,103,511,382,D:\DACN\week4\crops\glass470_det_001_glass.jpg,glass,0.1737,UNCERTAIN,MATCH,0.1626,0.1737,0.1651,0.1635,0.1715,0.1637
glass471.jpg,Glass,1,glass,0.8247,134,0,337,383,D:\DACN\week4\crops\glass471_det_001_glass.jpg,glass,0.1724,UNCERTAIN,MATCH,0.1628,0.1724,0.1661,0.1635,0.1712,0.164
glass472.jpg,Glass,1,glass,0.7961,208,0,398,316,D:\DACN\week4\crops\glass472_det_001_glass.jpg,plastic,0.1692,UNCERTAIN,MISMATCH,0.1656,0.1672,0.1689,0.1633,0.1692,0.1657
glass473.jpg,Glass,1,glass,0.9591,176,124,435,383,D:\DACN\week4\crops\glass473_det_001_glass.jpg,glass,0.1726,UNCERTAIN,MATCH,0.1598,0.1726,0.1692,0.1637,0.1698,0.1648
glass475.jpg,Glass,1,glass,0.9245,35,56,253,295,D:\DACN\week4\crops\glass475_det_001_glass.jpg,glass,0.1758,UNCERTAIN,MATCH,0.1598,0.1758,0.1667,0.1623,0.1704,0.165
glass476.jpg,Glass,1,glass,0.8741,173,61,333,384,D:\DACN\week4\crops\glass476_det_001_glass.jpg,glass,0.1709,UNCERTAIN,MATCH,0.1641,0.1709,0.1667,0.1643,0.1686,0.1655
glass477.jpg,Glass,1,glass,0.8952,78,117,380,274,D:\DACN\week4\crops\glass477_det_001_glass.jpg,glass,0.1711,UNCERTAIN,MATCH,0.1661,0.1711,0.1669,0.1633,0.1682,0.1644
glass478.jpg,Glass,1,glass,0.9164,64,75,510,384,D:\DACN\week4\crops\glass478_det_001_glass.jpg,glass,0.1705,UNCERTAIN,MATCH,0.1669,0.1705,0.1642,0.1643,0.1689,0.1653
glass479.jpg,Glass,1,glass,0.8473,120,0,512,384,D:\DACN\week4\crops\glass479_det_001_glass.jpg,glass,0.1737,UNCERTAIN,MATCH,0.1632,0.1737,0.1648,0.164,0.1703,0.164
glass48.jpg,Glass,1,glass,0.8948,135,149,310,308,D:\DACN\week4\crops\glass48_det_001_glass.jpg,glass,0.1704,UNCERTAIN,MATCH,0.1629,0.1704,0.1675,0.1663,0.1685,0.1645
glass481.jpg,Glass,1,glass,0.9014,0,0,510,384,D:\DACN\week4\crops\glass481_det_001_glass.jpg,glass,0.1738,UNCERTAIN,MATCH,0.1623,0.1738,0.1633,0.1648,0.1704,0.1653
glass482.jpg,Glass,1,glass,0.9244,189,0,508,334,D:\DACN\week4\crops\glass482_det_001_glass.jpg,glass,0.1733,UNCERTAIN,MATCH,0.1603,0.1733,0.1669,0.1648,0.1701,0.1646
glass483.jpg,Glass,1,glass,0.9135,107,134,501,384,D:\DACN\week4\crops\glass483_det_001_glass.jpg,glass,0.1744,UNCERTAIN,MATCH,0.1597,0.1744,0.1678,0.1643,0.17,0.1637
glass484.jpg,Glass,1,glass,0.8866,132,144,470,383,D:\DACN\week4\crops\glass484_det_001_glass.jpg,glass,0.1728,UNCERTAIN,MATCH,0.1631,0.1728,0.1657,0.1647,0.1692,0.1644
glass485.jpg,Glass,1,glass,0.9556,101,1,407,384,D:\DACN\week4\crops\glass485_det_001_glass.jpg,glass,0.1746,UNCERTAIN,MATCH,0.1613,0.1746,0.1661,0.1614,0.1705,0.1661
glass486.jpg,Glass,1,glass,0.8831,1,100,512,384,D:\DACN\week4\crops\glass486_det_001_glass.jpg,glass,0.1701,UNCERTAIN,MATCH,0.1671,0.1701,0.1659,0.1647,0.1672,0.165
glass487.jpg,Glass,1,glass,0.8943,0,86,511,381,D:\DACN\week4\crops\glass487_det_001_glass.jpg,glass,0.1747,UNCERTAIN,MATCH,0.1636,0.1747,0.1647,0.1652,0.1704,0.1615
glass488.jpg,Glass,1,glass,0.9195,106,40,384,298,D:\DACN\week4\crops\glass488_det_001_glass.jpg,glass,0.1751,UNCERTAIN,MATCH,0.1594,0.1751,0.1683,0.1628,0.1697,0.1646
glass49.jpg,Glass,1,glass,0.8415,139,0,482,372,D:\DACN\week4\crops\glass49_det_001_glass.jpg,glass,0.1737,UNCERTAIN,MATCH,0.1599,0.1737,0.1689,0.1638,0.1687,0.1651
glass490.jpg,Glass,1,glass,0.8994,157,0,452,384,D:\DACN\week4\crops\glass490_det_001_glass.jpg,glass,0.1743,UNCERTAIN,MATCH,0.1618,0.1743,0.1662,0.1645,0.1694,0.1637
glass491.jpg,Glass,1,glass,0.9061,136,142,511,309,D:\DACN\week4\crops\glass491_det_001_glass.jpg,glass,0.1721,UNCERTAIN,MATCH,0.1628,0.1721,0.1654,0.1637,0.1708,0.1651
glass492.jpg,Glass,1,glass,0.9099,1,0,402,384,D:\DACN\week4\crops\glass492_det_001_glass.jpg,glass,0.1746,UNCERTAIN,MATCH,0.1598,0.1746,0.1683,0.1637,0.1701,0.1634
glass495.jpg,Glass,1,glass,0.9216,180,82,360,262,D:\DACN\week4\crops\glass495_det_001_glass.jpg,glass,0.1731,UNCERTAIN,MATCH,0.1625,0.1731,0.1715,0.1637,0.1668,0.1625
glass496.jpg,Glass,1,glass,0.9122,80,38,437,253,D:\DACN\week4\crops\glass496_det_001_glass.jpg,glass,0.1725,UNCERTAIN,MATCH,0.1614,0.1725,0.1668,0.164,0.169,0.1663
glass497.jpg,Glass,1,glass,0.8636,1,0,377,326,D:\DACN\week4\crops\glass497_det_001_glass.jpg,glass,0.1723,UNCERTAIN,MATCH,0.1613,0.1723,0.1649,0.1659,0.1708,0.1648
glass499.jpg,Glass,1,glass,0.9252,115,0,320,260,D:\DACN\week4\crops\glass499_det_001_glass.jpg,glass,0.1757,UNCERTAIN,MATCH,0.1615,0.1757,0.1664,0.1636,0.1701,0.1628
glass50.jpg,Glass,1,glass,0.8812,0,0,394,319,D:\DACN\week4\crops\glass50_det_001_glass.jpg,glass,0.1763,UNCERTAIN,MATCH,0.1599,0.1763,0.1656,0.1634,0.1706,0.1643
glass500.jpg,Glass,1,glass,0.8596,3,126,389,292,D:\DACN\week4\crops\glass500_det_001_glass.jpg,glass,0.1719,UNCERTAIN,MATCH,0.1626,0.1719,0.1641,0.1643,0.1716,0.1655
glass501.jpg,Glass,1,glass,0.9405,30,58,512,383,D:\DACN\week4\crops\glass501_det_001_glass.jpg,glass,0.1724,UNCERTAIN,MATCH,0.1644,0.1724,0.1652,0.164,0.1694,0.1646
glass51.jpg,Glass,1,glass,0.9122,147,128,408,383,D:\DACN\week4\crops\glass51_det_001_glass.jpg,glass,0.1727,UNCERTAIN,MATCH,0.1623,0.1727,0.1683,0.1647,0.1686,0.1633
glass52.jpg,Glass,1,glass,0.9298,2,51,358,343,D:\DACN\week4\crops\glass52_det_001_glass.jpg,glass,0.1749,UNCERTAIN,MATCH,0.1589,0.1749,0.1651,0.1657,0.171,0.1644
glass53.jpg,Glass,1,glass,0.8802,218,165,462,383,D:\DACN\week4\crops\glass53_det_001_glass.jpg,glass,0.1725,UNCERTAIN,MATCH,0.1632,0.1725,0.1684,0.1631,0.1686,0.1642
glass54.jpg,Glass,1,glass,0.9291,162,0,510,384,D:\DACN\week4\crops\glass54_det_001_glass.jpg,glass,0.1694,UNCERTAIN,MATCH,0.1661,0.1694,0.1673,0.1634,0.1664,0.1674
glass55.jpg,Glass,1,glass,0.9258,1,0,393,328,D:\DACN\week4\crops\glass55_det_001_glass.jpg,glass,0.1738,UNCERTAIN,MATCH,0.1622,0.1738,0.1672,0.1646,0.1687,0.1635
glass56.jpg,Glass,1,glass,0.8833,185,2,488,384,D:\DACN\week4\crops\glass56_det_001_glass.jpg,glass,0.1734,UNCERTAIN,MATCH,0.1633,0.1734,0.1656,0.1639,0.1697,0.1641
glass58.jpg,Glass,1,glass,0.8357,165,0,406,383,D:\DACN\week4\crops\glass58_det_001_glass.jpg,glass,0.1745,UNCERTAIN,MATCH,0.1613,0.1745,0.1668,0.1638,0.172,0.1616
glass59.jpg,Glass,1,glass,0.9379,146,109,511,384,D:\DACN\week4\crops\glass59_det_001_glass.jpg,glass,0.1736,UNCERTAIN,MATCH,0.1631,0.1736,0.1649,0.1638,0.17,0.1645
glass6.jpg,Glass,1,glass,0.8766,186,60,327,284,D:\DACN\week4\crops\glass6_det_001_glass.jpg,glass,0.1735,UNCERTAIN,MATCH,0.1621,0.1735,0.1649,0.163,0.1728,0.1637
glass61.jpg,Glass,1,glass,0.9032,119,12,510,384,D:\DACN\week4\crops\glass61_det_001_glass.jpg,glass,0.1721,UNCERTAIN,MATCH,0.1638,0.1721,0.1686,0.1635,0.1684,0.1637
glass62.jpg,Glass,1,glass,0.9027,0,0,510,384,D:\DACN\week4\crops\glass62_det_001_glass.jpg,glass,0.1709,UNCERTAIN,MATCH,0.1649,0.1709,0.1632,0.1658,0.1699,0.1653
glass63.jpg,Glass,1,glass,0.916,180,50,406,384,D:\DACN\week4\crops\glass63_det_001_glass.jpg,plastic,0.1723,UNCERTAIN,MISMATCH,0.1621,0.1709,0.1639,0.1641,0.1723,0.1667
glass67.jpg,Glass,1,glass,0.9051,44,87,512,384,D:\DACN\week4\crops\glass67_det_001_glass.jpg,glass,0.1746,UNCERTAIN,MATCH,0.1607,0.1746,0.1668,0.1635,0.1697,0.1647
glass68.jpg,Glass,1,glass,0.8581,57,0,475,384,D:\DACN\week4\crops\glass68_det_001_glass.jpg,glass,0.1741,UNCERTAIN,MATCH,0.162,0.1741,0.1645,0.1649,0.1708,0.1638
glass69.jpg,Glass,1,glass,0.9031,28,110,337,271,D:\DACN\week4\crops\glass69_det_001_glass.jpg,glass,0.1713,UNCERTAIN,MATCH,0.162,0.1713,0.1689,0.1648,0.1689,0.1641
glass7.jpg,Glass,1,glass,0.8935,123,36,459,384,D:\DACN\week4\crops\glass7_det_001_glass.jpg,glass,0.1707,UNCERTAIN,MATCH,0.1638,0.1707,0.1665,0.1641,0.1681,0.1667
glass70.jpg,Glass,1,glass,0.9195,1,104,504,384,D:\DACN\week4\crops\glass70_det_001_glass.jpg,glass,0.1759,UNCERTAIN,MATCH,0.1608,0.1759,0.1684,0.1622,0.1693,0.1633
glass72.jpg,Glass,1,glass,0.9447,131,57,512,384,D:\DACN\week4\crops\glass72_det_001_glass.jpg,glass,0.1688,UNCERTAIN,MATCH,0.1671,0.1688,0.1656,0.165,0.1674,0.1661
glass74.jpg,Glass,1,glass,0.9865,189,135,283,230,D:\DACN\week4\crops\glass74_det_001_glass.jpg,glass,0.1711,UNCERTAIN,MATCH,0.1617,0.1711,0.1684,0.163,0.1696,0.1661
glass76.jpg,Glass,1,glass,0.9085,180,61,407,282,D:\DACN\week4\crops\glass76_det_001_glass.jpg,glass,0.174,UNCERTAIN,MATCH,0.1626,0.174,0.1676,0.1629,0.1681,0.1647
glass77.jpg,Glass,1,glass,0.8665,78,0,509,333,D:\DACN\week4\crops\glass77_det_001_glass.jpg,glass,0.1723,UNCERTAIN,MATCH,0.1648,0.1723,0.1682,0.1619,0.1681,0.1647
glass78.jpg,Glass,1,glass,0.8192,1,36,511,233,D:\DACN\week4\crops\glass78_det_001_glass.jpg,glass,0.17,UNCERTAIN,MATCH,0.166,0.17,0.1651,0.1638,0.1684,0.1667
glass79.jpg,Glass,1,glass,0.8488,195,0,440,341,D:\DACN\week4\crops\glass79_det_001_glass.jpg,glass,0.1725,UNCERTAIN,MATCH,0.1645,0.1725,0.1679,0.1621,0.1688,0.1642
glass8.jpg,Glass,1,glass,0.8572,131,152,382,382,D:\DACN\week4\crops\glass8_det_001_glass.jpg,glass,0.1724,UNCERTAIN,MATCH,0.1656,0.1724,0.1655,0.1632,0.1689,0.1644
glass80.jpg,Glass,1,glass,0.8672,0,0,427,332,D:\DACN\week4\crops\glass80_det_001_glass.jpg,glass,0.1708,UNCERTAIN,MATCH,0.1661,0.1708,0.1651,0.1643,0.1692,0.1645
glass81.jpg,Glass,1,glass,0.9263,46,100,449,301,D:\DACN\week4\crops\glass81_det_001_glass.jpg,glass,0.1707,UNCERTAIN,MATCH,0.1645,0.1707,0.166,0.1642,0.1688,0.1657
glass82.jpg,Glass,1,glass,0.8574,183,0,413,332,D:\DACN\week4\crops\glass82_det_001_glass.jpg,glass,0.1729,UNCERTAIN,MATCH,0.1613,0.1729,0.1647,0.165,0.1726,0.1636
glass83.jpg,Glass,1,glass,0.9192,19,36,512,252,D:\DACN\week4\crops\glass83_det_001_glass.jpg,glass,0.1743,UNCERTAIN,MATCH,0.1644,0.1743,0.1655,0.1628,0.1698,0.1633
glass84.jpg,Glass,1,glass,0.9348,145,81,464,336,D:\DACN\week4\crops\glass84_det_001_glass.jpg,glass,0.1745,UNCERTAIN,MATCH,0.164,0.1745,0.1664,0.1628,0.168,0.1643
glass85.jpg,Glass,1,glass,0.9215,1,0,510,384,D:\DACN\week4\crops\glass85_det_001_glass.jpg,glass,0.1715,UNCERTAIN,MATCH,0.1646,0.1715,0.1653,0.1632,0.1691,0.1663
glass86.jpg,Glass,1,glass,0.9356,104,97,509,384,D:\DACN\week4\crops\glass86_det_001_glass.jpg,glass,0.1728,UNCERTAIN,MATCH,0.163,0.1728,0.1642,0.1635,0.1705,0.166
glass87.jpg,Glass,1,glass,0.929,135,99,452,319,D:\DACN\week4\crops\glass87_det_001_glass.jpg,glass,0.171,UNCERTAIN,MATCH,0.1619,0.171,0.1655,0.1652,0.1705,0.1659
glass88.jpg,Glass,1,glass,0.9363,65,75,424,224,D:\DACN\week4\crops\glass88_det_001_glass.jpg,glass,0.1709,UNCERTAIN,MATCH,0.165,0.1709,0.1676,0.1626,0.1691,0.1648
glass89.jpg,Glass,1,glass,0.9563,83,36,431,365,D:\DACN\week4\crops\glass89_det_001_glass.jpg,glass,0.1756,UNCERTAIN,MATCH,0.1598,0.1756,0.1666,0.1632,0.1701,0.1647
glass9.jpg,Glass,1,glass,0.8802,88,68,403,329,D:\DACN\week4\crops\glass9_det_001_glass.jpg,glass,0.1712,UNCERTAIN,MATCH,0.1642,0.1712,0.1676,0.1627,0.1678,0.1664
glass91.jpg,Glass,1,glass,0.9468,214,105,511,384,D:\DACN\week4\crops\glass91_det_001_glass.jpg,glass,0.1718,UNCERTAIN,MATCH,0.1605,0.1718,0.1673,0.1663,0.1698,0.1643
glass92.jpg,Glass,1,glass,0.9006,107,51,383,321,D:\DACN\week4\crops\glass92_det_001_glass.jpg,glass,0.174,UNCERTAIN,MATCH,0.1603,0.174,0.1673,0.1632,0.1704,0.1648
glass93.jpg,Glass,1,glass,0.8738,1,26,511,255,D:\DACN\week4\crops\glass93_det_001_glass.jpg,glass,0.1753,UNCERTAIN,MATCH,0.1633,0.1753,0.1668,0.1614,0.1697,0.1635
glass94.jpg,Glass,1,glass,0.886,228,178,397,383,D:\DACN\week4\crops\glass94_det_001_glass.jpg,glass,0.1731,UNCERTAIN,MATCH,0.1628,0.1731,0.1682,0.1642,0.1681,0.1636
glass95.jpg,Glass,1,glass,0.9263,57,122,402,290,D:\DACN\week4\crops\glass95_det_001_glass.jpg,glass,0.1695,UNCERTAIN,MATCH,0.1674,0.1695,0.1646,0.1636,0.168,0.167
glass96.jpg,Glass,1,glass,0.898,153,63,353,384,D:\DACN\week4\crops\glass96_det_001_glass.jpg,glass,0.1708,UNCERTAIN,MATCH,0.1661,0.1708,0.1676,0.1632,0.1663,0.166
glass97.jpg,Glass,1,glass,0.8909,240,0,512,383,D:\DACN\week4\crops\glass97_det_001_glass.jpg,glass,0.1739,UNCERTAIN,MATCH,0.1623,0.1739,0.1694,0.1615,0.169,0.164
glass98.jpg,Glass,1,glass,0.8503,88,0,426,384,D:\DACN\week4\crops\glass98_det_001_glass.jpg,glass,0.1709,UNCERTAIN,MATCH,0.1635,0.1709,0.1673,0.1642,0.1693,0.1647
glass99.jpg,Glass,1,glass,0.9091,125,42,511,384,D:\DACN\week4\crops\glass99_det_001_glass.jpg,glass,0.172,UNCERTAIN,MATCH,0.1624,0.172,0.1671,0.1649,0.1699,0.1637
2019-06-26-15-28-36-576x432.jpg,Metal,5,trash,0.4357,207,138,316,306,D:\DACN\week4\crops\2019-06-26-15-28-36-576x432_det_001_trash.jpg,metal,0.1716,UNCERTAIN,MISMATCH,0.1654,0.1637,0.1716,0.1649,0.166,0.1684
2019-06-26-15-28-36-576x432.jpg,Metal,2,metal,0.3428,205,137,316,306,D:\DACN\week4\crops\2019-06-26-15-28-36-576x432_det_002_metal.jpg,metal,0.1723,UNCERTAIN,MATCH,0.1657,0.1639,0.1723,0.1646,0.1657,0.1678
20260911_194149.jpg,Metal,3,paper,0.2954,0,103,3000,3000,D:\DACN\week4\crops\20260911_194149_det_001_paper.jpg,metal,0.1685,UNCERTAIN,MISMATCH,0.1652,0.1685,0.1685,0.1636,0.1677,0.1666
images (3).jpg,Metal,2,metal,0.6989,54,162,203,380,D:\DACN\week4\crops\images (3)_det_001_metal.jpg,glass,0.1696,UNCERTAIN,MISMATCH,0.1666,0.1696,0.1651,0.1663,0.1664,0.1659
images (4).jpg,Metal,5,trash,0.8986,9,216,91,339,D:\DACN\week4\crops\images (4)_det_001_trash.jpg,plastic,0.1693,UNCERTAIN,MISMATCH,0.1656,0.1665,0.1672,0.1645,0.1693,0.1669
images (4).jpg,Metal,2,metal,0.7451,244,157,347,326,D:\DACN\week4\crops\images (4)_det_003_metal.jpg,glass,0.1721,UNCERTAIN,MISMATCH,0.163,0.1721,0.1639,0.1651,0.1708,0.165
images (4).jpg,Metal,2,metal,0.5518,9,215,93,341,D:\DACN\week4\crops\images (4)_det_004_metal.jpg,plastic,0.1699,UNCERTAIN,MISMATCH,0.1661,0.1662,0.1673,0.1642,0.1699,0.1662
images (4).jpg,Metal,2,metal,0.5152,88,75,197,247,D:\DACN\week4\crops\images (4)_det_005_metal.jpg,trash,0.1685,UNCERTAIN,MISMATCH,0.1684,0.1648,0.1648,0.1672,0.1664,0.1685
images (4).jpg,Metal,1,glass,0.3605,89,72,197,246,D:\DACN\week4\crops\images (4)_det_006_glass.jpg,trash,0.1689,UNCERTAIN,MISMATCH,0.1672,0.1653,0.1643,0.1671,0.1671,0.1689
images (6).jpg,Metal,2,metal,0.7732,46,0,515,369,D:\DACN\week4\crops\images (6)_det_001_metal.jpg,metal,0.1691,UNCERTAIN,MATCH,0.165,0.1646,0.1691,0.1645,0.1677,0.169
images.jpg,Metal,2,metal,0.866,0,2,419,475,D:\DACN\week4\crops\images_det_001_metal.jpg,trash,0.1693,UNCERTAIN,MISMATCH,0.1652,0.1644,0.1685,0.1638,0.1688,0.1693
istockphoto-1151561362-612x612 (1).jpg,Metal,2,metal,0.7689,0,0,612,459,D:\DACN\week4\crops\istockphoto-1151561362-612x612 (1)_det_001_metal.jpg,metal,0.1709,UNCERTAIN,MATCH,0.1657,0.1651,0.1709,0.1673,0.1648,0.1662
istockphoto-1151561362-612x612.jpg,Metal,2,metal,0.7689,0,0,612,459,D:\DACN\week4\crops\istockphoto-1151561362-612x612_det_001_metal.jpg,metal,0.1709,UNCERTAIN,MATCH,0.1657,0.1651,0.1709,0.1673,0.1648,0.1662
istockphoto-133993685-612x612.jpg,Metal,2,metal,0.6824,1,0,612,459,D:\DACN\week4\crops\istockphoto-133993685-612x612_det_001_metal.jpg,metal,0.1738,UNCERTAIN,MATCH,0.1621,0.1661,0.1738,0.1669,0.1651,0.166
istockphoto-2170297875-612x612.jpg,Metal,2,metal,0.7149,0,0,612,408,D:\DACN\week4\crops\istockphoto-2170297875-612x612_det_001_metal.jpg,metal,0.1759,UNCERTAIN,MATCH,0.1642,0.1652,0.1759,0.1644,0.1649,0.1654
istockphoto-491962627-612x612.jpg,Metal,2,metal,0.6263,2,0,612,409,D:\DACN\week4\crops\istockphoto-491962627-612x612_det_001_metal.jpg,metal,0.1725,UNCERTAIN,MATCH,0.1619,0.1659,0.1725,0.1641,0.1677,0.1679
istockphoto-868926884-612x612.jpg,Metal,2,metal,0.6655,0,0,612,408,D:\DACN\week4\crops\istockphoto-868926884-612x612_det_001_metal.jpg,metal,0.1734,UNCERTAIN,MATCH,0.1665,0.164,0.1734,0.1651,0.1643,0.1666
istockphoto-950590270-612x612.jpg,Metal,2,metal,0.6026,94,42,516,358,D:\DACN\week4\crops\istockphoto-950590270-612x612_det_001_metal.jpg,metal,0.17,UNCERTAIN,MATCH,0.1638,0.1667,0.17,0.1652,0.1679,0.1665
waste-materials-in-waste-576x432.jpg,Metal,2,metal,0.7598,0,0,576,432,D:\DACN\week4\crops\waste-materials-in-waste-576x432_det_001_metal.jpg,metal,0.1709,UNCERTAIN,MATCH,0.1667,0.1645,0.1709,0.1663,0.1654,0.1662
waste-materials-in-waste-576x432.jpg,Metal,1,glass,0.3696,0,336,140,432,D:\DACN\week4\crops\waste-materials-in-waste-576x432_det_002_glass.jpg,metal,0.1702,UNCERTAIN,MISMATCH,0.1671,0.1644,0.1702,0.1673,0.1646,0.1664
20260911_102342.jpg,Plastic,5,trash,0.7871,1082,1820,1912,2771,D:\DACN\week4\crops\20260911_102342_det_001_trash.jpg,glass,0.1716,UNCERTAIN,MISMATCH,0.1623,0.1716,0.1668,0.1669,0.1691,0.1633
20260911_111236.jpg,Plastic,1,glass,0.2579,1,973,448,3000,D:\DACN\week4\crops\20260911_111236_det_001_glass.jpg,paper,0.1677,UNCERTAIN,MISMATCH,0.1657,0.1677,0.1662,0.1677,0.1666,0.1661
20260911_111251.jpg,Plastic,5,trash,0.3057,1321,2098,2473,3000,D:\DACN\week4\crops\20260911_111251_det_001_trash.jpg,paper,0.167,UNCERTAIN,MISMATCH,0.1668,0.1669,0.1661,0.167,0.1668,0.1665
20260911_111251.jpg,Plastic,2,metal,0.253,1329,2108,2473,3000,D:\DACN\week4\crops\20260911_111251_det_002_metal.jpg,paper,0.1672,UNCERTAIN,MISMATCH,0.1666,0.1671,0.1656,0.1672,0.1669,0.1666
20260911_194239.jpg,Plastic,5,trash,0.4467,180,1166,2346,3000,D:\DACN\week4\crops\20260911_194239_det_001_trash.jpg,metal,0.1697,UNCERTAIN,MISMATCH,0.1658,0.1669,0.1697,0.1665,0.1669,0.1642
20260911_194239.jpg,Plastic,5,trash,0.326,665,1337,2240,3000,D:\DACN\week4\crops\20260911_194239_det_002_trash.jpg,metal,0.169,UNCERTAIN,MISMATCH,0.1668,0.1664,0.169,0.1669,0.1665,0.1645
20260911_194242.jpg,Plastic,5,trash,0.3186,0,1042,2886,3000,D:\DACN\week4\crops\20260911_194242_det_001_trash.jpg,glass,0.1686,UNCERTAIN,MISMATCH,0.1654,0.1686,0.1686,0.1654,0.1664,0.1655
20260911_194242.jpg,Plastic,5,trash,0.2501,521,1402,2862,3000,D:\DACN\week4\crops\20260911_194242_det_002_trash.jpg,paper,0.1675,UNCERTAIN,MISMATCH,0.1668,0.1673,0.1671,0.1675,0.1658,0.1655
20260911_194245.jpg,Plastic,5,trash,0.6584,506,1555,2415,2954,D:\DACN\week4\crops\20260911_194245_det_001_trash.jpg,glass,0.1682,UNCERTAIN,MISMATCH,0.1665,0.1682,0.1672,0.1657,0.1667,0.1657
20260911_194254.jpg,Plastic,5,trash,0.5518,156,814,2338,2530,D:\DACN\week4\crops\20260911_194254_det_001_trash.jpg,trash,0.1697,UNCERTAIN,MATCH,0.1667,0.1631,0.1636,0.1691,0.1678,0.1697
20260911_194257.jpg,Plastic,5,trash,0.2673,496,1963,2801,3000,D:\DACN\week4\crops\20260911_194257_det_001_trash.jpg,glass,0.1697,UNCERTAIN,MISMATCH,0.1637,0.1697,0.1674,0.1663,0.1676,0.1654
20260911_194300.jpg,Plastic,5,trash,0.3587,146,836,2987,3000,D:\DACN\week4\crops\20260911_194300_det_001_trash.jpg,glass,0.169,UNCERTAIN,MISMATCH,0.1621,0.169,0.169,0.1655,0.1687,0.1657
20260912_125956.jpg,Plastic,5,trash,0.5617,1517,773,1973,1958,D:\DACN\week4\crops\20260912_125956_det_001_trash.jpg,cardboard,0.1677,UNCERTAIN,MISMATCH,0.1677,0.1659,0.1658,0.1673,0.167,0.1663
20260912_125956.jpg,Plastic,5,trash,0.5271,2068,740,2515,1797,D:\DACN\week4\crops\20260912_125956_det_002_trash.jpg,glass,0.1684,UNCERTAIN,MISMATCH,0.1645,0.1684,0.1673,0.1656,0.1676,0.1665
20260911_102206.jpg,Trash,5,trash,0.3651,0,1208,2931,3000,D:\DACN\week4\crops\20260911_102206_det_001_trash.jpg,glass,0.1682,UNCERTAIN,MISMATCH,0.1662,0.1682,0.1654,0.168,0.1675,0.1646
20260911_102235.jpg,Trash,5,trash,0.306,1053,1309,2009,2712,D:\DACN\week4\crops\20260911_102235_det_001_trash.jpg,cardboard,0.1713,UNCERTAIN,MISMATCH,0.1713,0.1624,0.1635,0.1694,0.1658,0.1676
20260911_102320.jpg,Trash,5,trash,0.4086,1010,1914,1870,2846,D:\DACN\week4\crops\20260911_102320_det_001_trash.jpg,metal,0.1681,UNCERTAIN,MISMATCH,0.1665,0.1674,0.1681,0.1676,0.1664,0.1641
20260911_102325.jpg,Trash,5,trash,0.2609,830,1765,1687,2585,D:\DACN\week4\crops\20260911_102325_det_001_trash.jpg,metal,0.1683,UNCERTAIN,MISMATCH,0.1655,0.1678,0.1683,0.1683,0.1669,0.1632
20260911_111214.jpg,Trash,5,trash,0.315,29,967,2926,2940,D:\DACN\week4\crops\20260911_111214_det_001_trash.jpg,plastic,0.1682,UNCERTAIN,MISMATCH,0.1661,0.165,0.1649,0.1679,0.1682,0.1678
20260911_111337.jpg,Trash,5,trash,0.5121,0,234,3000,3000,D:\DACN\week4\crops\20260911_111337_det_001_trash.jpg,paper,0.1679,UNCERTAIN,MISMATCH,0.1666,0.1647,0.1673,0.1679,0.1677,0.1658
20260911_193813.jpg,Trash,5,trash,0.3769,125,896,2739,3000,D:\DACN\week4\crops\20260911_193813_det_001_trash.jpg,paper,0.1693,UNCERTAIN,MISMATCH,0.1675,0.1636,0.1643,0.1693,0.1667,0.1687
20260911_193817.jpg,Trash,5,trash,0.3979,11,479,3000,3000,D:\DACN\week4\crops\20260911_193817_det_001_trash.jpg,paper,0.1693,UNCERTAIN,MISMATCH,0.1675,0.1629,0.165,0.1693,0.1674,0.1679
20260911_193817.jpg,Trash,5,trash,0.3169,20,698,2726,3000,D:\DACN\week4\crops\20260911_193817_det_002_trash.jpg,paper,0.1701,UNCERTAIN,MISMATCH,0.1681,0.162,0.1646,0.1701,0.1667,0.1684
20260911_193850.jpg,Trash,5,trash,0.3399,0,607,3000,3000,D:\DACN\week4\crops\20260911_193850_det_001_trash.jpg,plastic,0.1725,UNCERTAIN,MISMATCH,0.1622,0.1655,0.1625,0.1679,0.1725,0.1696
20260911_194049.jpg,Trash,5,trash,0.4707,123,1095,2717,3000,D:\DACN\week4\crops\20260911_194049_det_001_trash.jpg,cardboard,0.1675,UNCERTAIN,MISMATCH,0.1675,0.1651,0.1668,0.1675,0.1669,0.1661
20260911_205537.jpg,Trash,5,trash,0.3037,0,753,2907,3000,D:\DACN\week4\crops\20260911_205537_det_001_trash.jpg,plastic,0.1696,UNCERTAIN,MISMATCH,0.1657,0.1647,0.1639,0.169,0.1696,0.1671
pngtree-bunch-of-waste-of-paper-materials-isolated-png-image_15775221.png,images,2,metal,0.4322,20,26,2380,1867,D:\DACN\week4\crops\pngtree-bunch-of-waste-of-paper-materials-isolated-png-image_15775221_det_001_metal.jpg,paper,0.1736,UNCERTAIN,MISMATCH,0.1713,0.1599,0.1644,0.1736,0.1628,0.168
pngtree-bunch-of-waste-of-paper-materials-isolated-png-image_15775221.png,images,3,paper,0.4157,19,29,2393,1851,D:\DACN\week4\crops\pngtree-bunch-of-waste-of-paper-materials-isolated-png-image_15775221_det_002_paper.jpg,paper,0.1737,UNCERTAIN,MATCH,0.1713,0.16,0.1644,0.1737,0.1627,0.1679
pngtree-bunch-of-waste-of-paper-materials-isolated-png-image_15775701.png,images,3,paper,0.4066,0,25,2389,2338,D:\DACN\week4\crops\pngtree-bunch-of-waste-of-paper-materials-isolated-png-image_15775701_det_001_paper.jpg,paper,0.1731,UNCERTAIN,MATCH,0.1707,0.1596,0.1641,0.1731,0.1635,0.169
pngtree-bunch-of-waste-of-paper-materials-isolated-png-image_15775701.png,images,5,trash,0.3234,2,21,2371,2335,D:\DACN\week4\crops\pngtree-bunch-of-waste-of-paper-materials-isolated-png-image_15775701_det_002_trash.jpg,paper,0.1735,UNCERTAIN,MISMATCH,0.1708,0.1595,0.1637,0.1735,0.1636,0.1689
pngtree-bunch-of-waste-of-paper-materials-isolated-png-image_15790648.png,images,3,paper,0.5138,114,50,2294,2384,D:\DACN\week4\crops\pngtree-bunch-of-waste-of-paper-materials-isolated-png-image_15790648_det_001_paper.jpg,paper,0.1746,UNCERTAIN,MATCH,0.169,0.1593,0.1644,0.1746,0.1637,0.1691
pngtree-bunch-of-waste-of-paper-materials-isolated-png-image_15790648.png,images,5,trash,0.2581,116,247,2354,2416,D:\DACN\week4\crops\pngtree-bunch-of-waste-of-paper-materials-isolated-png-image_15790648_det_002_trash.jpg,paper,0.1731,UNCERTAIN,MISMATCH,0.169,0.1606,0.165,0.1731,0.1643,0.1681
pngtree-newspaper-isolated-on-transparent-background-png-image_12487289.png,images,2,metal,0.5269,14,55,333,323,D:\DACN\week4\crops\pngtree-newspaper-isolated-on-transparent-background-png-image_12487289_det_001_metal.jpg,paper,0.1712,UNCERTAIN,MISMATCH,0.1668,0.1649,0.1657,0.1712,0.1644,0.1671
pngtree-stack-of-file-folders-white-png-image_9800954.png,images,2,metal,0.6372,27,56,328,349,D:\DACN\week4\crops\pngtree-stack-of-file-folders-white-png-image_9800954_det_001_metal.jpg,paper,0.1747,UNCERTAIN,MISMATCH,0.1676,0.1619,0.1649,0.1747,0.1627,0.1681
pngtree-stack-of-file-folders-white-png-image_9800954.png,images,3,paper,0.2705,28,55,324,348,D:\DACN\week4\crops\pngtree-stack-of-file-folders-white-png-image_9800954_det_002_paper.jpg,paper,0.1747,UNCERTAIN,MATCH,0.1679,0.1616,0.165,0.1747,0.1625,0.1684
pngtree-stack-of-newspapers-isolated-on-white-background-png-image_14126844.png,images,2,metal,0.7317,126,116,2474,2400,D:\DACN\week4\crops\pngtree-stack-of-newspapers-isolated-on-white-background-png-image_14126844_det_001_metal.jpg,paper,0.174,UNCERTAIN,MISMATCH,0.1672,0.1623,0.1656,0.174,0.1636,0.1674
pngtree-vintage-newspaper-scraps-png-clip-art-png-image_20964246.png,images,3,paper,0.657,16,16,2496,2394,D:\DACN\week4\crops\pngtree-vintage-newspaper-scraps-png-clip-art-png-image_20964246_det_001_paper.jpg,paper,0.1739,UNCERTAIN,MATCH,0.1697,0.1629,0.1633,0.1739,0.1643,0.1658
pngtree-vintage-newspaper-scraps-png-png-image_16246881.png,images,3,paper,0.5161,17,14,338,348,D:\DACN\week4\crops\pngtree-vintage-newspaper-scraps-png-png-image_16246881_det_001_paper.jpg,paper,0.1736,UNCERTAIN,MATCH,0.1691,0.1635,0.1639,0.1736,0.1636,0.1663
pngtree-vintage-newspaper-scraps-png-png-image_16246881.png,images,2,metal,0.3906,15,13,340,346,D:\DACN\week4\crops\pngtree-vintage-newspaper-scraps-png-png-image_16246881_det_002_metal.jpg,paper,0.1736,UNCERTAIN,MISMATCH,0.1692,0.1635,0.1639,0.1736,0.1635,0.1663
pngtree-vintage-newspapers-png-image_17277281.png,images,2,metal,0.6877,26,0,2500,2391,D:\DACN\week4\crops\pngtree-vintage-newspapers-png-image_17277281_det_001_metal.jpg,paper,0.173,UNCERTAIN,MISMATCH,0.1679,0.1636,0.1655,0.173,0.1635,0.1664
pngtree-vintage-newspapers-png-image_17277281.png,images,3,paper,0.2618,75,90,2500,2458,D:\DACN\week4\crops\pngtree-vintage-newspapers-png-image_17277281_det_002_paper.jpg,paper,0.1729,UNCERTAIN,MATCH,0.1679,0.1634,0.1659,0.1729,0.1632,0.1667
Ảnh chụp màn hình 2026-09-27 213909.png,Cardboard,1,glass,0.5574,23,48,287,317,D:\DACN\week4\crops\Ảnh chụp màn hình 2026-09-27 213909_det_001_glass.jpg,cardboard,0.1732,UNCERTAIN,MISMATCH,0.1732,0.1631,0.1657,0.1677,0.1648,0.1654
53ab23c9-8129-490f-9634-de13b07019ba.webp,images,2,metal,0.6953,70,28,653,463,D:\DACN\week4\crops\53ab23c9-8129-490f-9634-de13b07019ba_det_001_metal.jpg,paper,0.1727,UNCERTAIN,MISMATCH,0.1669,0.164,0.1646,0.1727,0.1652,0.1666
cardboard-boxes-various-garbage-used-260nw-2665406207.webp,images,2,metal,0.667,54,27,376,232,D:\DACN\week4\crops\cardboard-boxes-various-garbage-used-260nw-2665406207_det_001_metal.jpg,cardboard,0.1738,UNCERTAIN,MISMATCH,0.1738,0.1618,0.1646,0.1677,0.1671,0.1652
cc73289f-d4b8-4a91-8238-dacb4d39e1e9.webp,images,2,metal,0.7405,1,34,698,509,D:\DACN\week4\crops\cc73289f-d4b8-4a91-8238-dacb4d39e1e9_det_001_metal.jpg,paper,0.1726,UNCERTAIN,MISMATCH,0.167,0.1628,0.1657,0.1726,0.1643,0.1675
large-pile-waste-paper-isolated-260nw-1706121646.webp,images,2,metal,0.6208,53,31,364,265,D:\DACN\week4\crops\large-pile-waste-paper-isolated-260nw-1706121646_det_001_metal.jpg,paper,0.176,UNCERTAIN,MISMATCH,0.1661,0.1628,0.1645,0.176,0.1638,0.1668
large-pile-waste-paper-isolated-260nw-1706121646.webp,images,3,paper,0.432,63,31,355,265,D:\DACN\week4\crops\large-pile-waste-paper-isolated-260nw-1706121646_det_002_paper.jpg,paper,0.1758,UNCERTAIN,MATCH,0.1659,0.163,0.1646,0.1758,0.1638,0.1669
newspaper-1000x600-1.webp,images,2,metal,0.7562,17,44,999,543,D:\DACN\week4\crops\newspaper-1000x600-1_det_001_metal.jpg,paper,0.1712,UNCERTAIN,MISMATCH,0.1659,0.1646,0.1658,0.1712,0.1653,0.1672
newspaper-for-crafting-project-or-paper-bag-and-other-1kg-original-imag65eegtxkt7nb.webp,images,2,metal,0.6273,13,0,479,250,D:\DACN\week4\crops\newspaper-for-crafting-project-or-paper-bag-and-other-1kg-original-imag65eegtxkt7nb_det_001_metal.jpg,paper,0.1725,UNCERTAIN,MISMATCH,0.1648,0.1642,0.1654,0.1725,0.166,0.1671
paper-waste-isolated-white-separate-garbage-collection-97824135.webp,images,5,trash,0.4325,115,83,709,554,D:\DACN\week4\crops\paper-waste-isolated-white-separate-garbage-collection-97824135_det_001_trash.jpg,paper,0.174,UNCERTAIN,MISMATCH,0.1703,0.1602,0.1634,0.174,0.1653,0.1667
paper-waste-isolated-white-separate-garbage-collection-97824135.webp,images,3,paper,0.3878,114,69,710,562,D:\DACN\week4\crops\paper-waste-isolated-white-separate-garbage-collection-97824135_det_002_paper.jpg,paper,0.1738,UNCERTAIN,MATCH,0.17,0.1605,0.1637,0.1738,0.1654,0.1666
recycling-concept-recyclable-cardboard-paper-260nw-1808265076.webp,images,3,paper,0.5772,14,27,304,280,D:\DACN\week4\crops\recycling-concept-recyclable-cardboard-paper-260nw-1808265076_det_001_paper.jpg,paper,0.1759,UNCERTAIN,MATCH,0.1704,0.1592,0.1632,0.1759,0.1632,0.1682
recycling-concept-recyclable-cardboard-paper-260nw-1808265076.webp,images,2,metal,0.5528,15,38,304,280,D:\DACN\week4\crops\recycling-concept-recyclable-cardboard-paper-260nw-1808265076_det_002_metal.jpg,paper,0.176,UNCERTAIN,MISMATCH,0.1708,0.159,0.1634,0.176,0.1633,0.1674
stack-of-cluttered-files-and-colorful-paper-cut-out-stock-png.webp,images,2,metal,0.7395,28,11,478,328,D:\DACN\week4\crops\stack-of-cluttered-files-and-colorful-paper-cut-out-stock-png_det_001_metal.jpg,paper,0.1731,UNCERTAIN,MISMATCH,0.171,0.1613,0.1655,0.1731,0.1624,0.1668
stack-of-cluttered-files-and-colorful-paper-cut-out-stock-png.webp,images,3,paper,0.3964,26,9,478,329,D:\DACN\week4\crops\stack-of-cluttered-files-and-colorful-paper-cut-out-stock-png_det_002_paper.jpg,paper,0.1729,UNCERTAIN,MATCH,0.1711,0.1614,0.1655,0.1729,0.1625,0.1665
stack-of-envelopes-and-files-on-a-plain-transparent-background-showcasing-organized-documents-for-office-use-stack-envelopes-files-documents-background-free-png.webp,images,2,metal,0.5818,92,186,980,910,D:\DACN\week4\crops\stack-of-envelopes-and-files-on-a-plain-transparent-background-showcasing-organized-documents-for-office-use-stack-envelopes-files-documents-background-free-png_det_001_metal.jpg,paper,0.1745,UNCERTAIN,MISMATCH,0.1693,0.1611,0.1648,0.1745,0.1621,0.1682
stack-of-envelopes-and-files-on-a-plain-transparent-background-showcasing-organized-documents-for-office-use-stack-envelopes-files-documents-background-free-png.webp,images,3,paper,0.4635,93,161,980,914,D:\DACN\week4\crops\stack-of-envelopes-and-files-on-a-plain-transparent-background-showcasing-organized-documents-for-office-use-stack-envelopes-files-documents-background-free-png_det_002_paper.jpg,paper,0.1746,UNCERTAIN,MATCH,0.1696,0.1612,0.1644,0.1746,0.1622,0.1678
stack-recycling-paper-isolated-on-260nw-267043988.webp,images,2,metal,0.5862,5,46,342,266,D:\DACN\week4\crops\stack-recycling-paper-isolated-on-260nw-267043988_det_001_metal.jpg,paper,0.1755,UNCERTAIN,MISMATCH,0.1683,0.1614,0.1635,0.1755,0.1637,0.1675
stack-recycling-paper-isolated-on-260nw-267043988.webp,images,3,paper,0.4352,10,38,343,248,D:\DACN\week4\crops\stack-recycling-paper-isolated-on-260nw-267043988_det_002_paper.jpg,paper,0.1758,UNCERTAIN,MATCH,0.1696,0.16,0.1631,0.1758,0.1636,0.1678
stacked-folded-newspapers-tied-together-260nw-2808221649.webp,images,2,metal,0.6565,39,55,438,220,D:\DACN\week4\crops\stacked-folded-newspapers-tied-together-260nw-2808221649_det_001_metal.jpg,paper,0.1738,UNCERTAIN,MISMATCH,0.165,0.1634,0.1682,0.1738,0.1633,0.1664
stacked-folded-newspapers-tied-together-260nw-2808221649.webp,images,3,paper,0.4739,42,51,437,221,D:\DACN\week4\crops\stacked-folded-newspapers-tied-together-260nw-2808221649_det_002_paper.jpg,paper,0.1733,UNCERTAIN,MATCH,0.1652,0.164,0.1674,0.1733,0.164,0.1661
thung-carton-cu-qiuan-2.webp,images,3,paper,0.2936,145,34,843,576,D:\DACN\week4\crops\thung-carton-cu-qiuan-2_det_001_paper.jpg,cardboard,0.1765,UNCERTAIN,MISMATCH,0.1765,0.1589,0.1649,0.1713,0.1623,0.166
torn-news-paper-on-transparent-background_10895613.png!w700wp.webp,images,5,trash,0.314,48,102,625,437,D:\DACN\week4\crops\torn-news-paper-on-transparent-background_10895613.png!w700wp_det_001_trash.jpg,paper,0.1747,UNCERTAIN,MISMATCH,0.1698,0.1627,0.1635,0.1747,0.1644,0.1649
waste-paper-on-white-background-260nw-98298224.webp,images,2,metal,0.6795,7,26,389,233,D:\DACN\week4\crops\waste-paper-on-white-background-260nw-98298224_det_001_metal.jpg,paper,0.1768,UNCERTAIN,MISMATCH,0.167,0.161,0.1627,0.1768,0.1642,0.1684
waste-paper-products-on-white-260nw-47965312.webp,images,1,glass,0.7957,30,40,349,245,D:\DACN\week4\crops\waste-paper-products-on-white-260nw-47965312_det_001_glass.jpg,paper,0.1744,UNCERTAIN,MISMATCH,0.1681,0.1611,0.1656,0.1744,0.1633,0.1675
pngtree-crushed-red-aluminum-beverage-can-isolated-png-image_19364393.webp,Metal,2,metal,0.6704,70,27,293,334,D:\DACN\week4\crops\pngtree-crushed-red-aluminum-beverage-can-isolated-png-image_19364393_det_001_metal.jpg,metal,0.1702,UNCERTAIN,MATCH,0.1621,0.168,0.1702,0.1638,0.1682,0.1678
